committee,side,labor,side_orig,labor_orig,changed,change_detail,entity_type,level,jurisdiction,is_conduit,confidence,evidence,source_url,proposed_by,reviewed,n_gifts,dollars,sources
NASSAU COUNTY REPUBLICAN COMMITTEE,REP,FALSE,REP,FALSE,no,,party_committee,county,"Nassau County, NY",FALSE,high,The name states it is the official Republican Party county committee for Nassau County New York,,web-research-2026-08-08,yes,34179,13303335,nyboe
ACTBLUE,DEM,FALSE,,FALSE,yes,side:blank->DEM,conduit,federal,United States,TRUE,high,ActBlue is the Democratic Party's online fundraising conduit that passes earmarked small-dollar contributions through to Democratic candidates and progressive committees,https://ballotpedia.org/ActBlue,web-research-2026-08-08,yes,66850,9242888,fec
VOICE OF TEACHERS FOR EDUCATION OR COMMITTEE ON POLITICAL EDUCATION OF THE NEW YO,DEM,TRUE,,TRUE,yes,side:blank->DEM,union_pac,state,New York State,FALSE,high,VOTE-COPE is the political action arm of NYSUT the New York State United Teachers labor union and is funded by member payroll deductions,https://findingaids.nysed.gov/do/b50041d2-fff1-5ccf-a516-6c6df761d732,web-research-2026-08-08,yes,105291,8003277,nyboe
HARRIS VICTORY FUND,DEM,FALSE,,FALSE,yes,side:blank->DEM,joint_fundraising,federal,United States,FALSE,high,FEC committee C00744946 is the joint fundraising committee splitting receipts among Harris for President the DNC and Democratic state parties,https://www.opensecrets.org/joint-fundraising-committees-jfcs/harris-victory-fund/C00744946/2024/summary,web-research-2026-08-08,yes,15217,4067426,fec
WINRED,REP,FALSE,,FALSE,yes,side:blank->REP,conduit,federal,United States,TRUE,high,WinRed is the Republican Party's online conduit platform that processes and forwards earmarked contributions to GOP candidates and committees,https://en.wikipedia.org/wiki/WinRed,web-research-2026-08-08,yes,20466,3728786,fec
FRIENDS FOR KATHY HOCHUL,DEM,FALSE,,FALSE,yes,side:blank->DEM,candidate,state,New York State,FALSE,high,Kathy Hochul is the Democratic Governor of New York since 2021 and this is her authorized state campaign committee,https://dbpedia.org/page/Kathy_Hochul,web-research-2026-08-08,yes,3099,3362693,nyboe
ANDREW CUOMO FOR NEW YORK INC.,DEM,FALSE,,FALSE,yes,side:blank->DEM,candidate,state,New York State,FALSE,high,Andrew Cuomo is the Democratic former Governor of New York and this is his New York State registered candidate committee.,https://ballotpedia.org/Andrew_Cuomo,web-research-2026-08-08,yes,1234,3235780,nyboe
SMP,DEM,FALSE,,FALSE,yes,side:blank->DEM,ideological_pac,federal,United States,FALSE,high,SMP is the FEC-registered name of Senate Majority PAC the Democratic independent-expenditure super PAC that works to elect Democrats to the U.S. Senate.,https://www.fec.gov/data/committee/C00484642/,web-research-2026-08-08,yes,655,3206604,fec
SUOZZI FOR NY,DEM,FALSE,,FALSE,yes,side:blank->DEM,candidate,state,New York State,FALSE,high,Tom Suozzi is a Democrat who ran in the June 2022 New York Democratic gubernatorial primary using this state registered committee,https://ballotpedia.org/Tom_Suozzi,web-research-2026-08-08,yes,1963,3183141,nyboe
NASSAU COUNTY DEMOCRATIC COMMITTEE,DEM,FALSE,DEM,FALSE,no,,party_committee,county,"Nassau County, NY",FALSE,high,The name states it is the official Democratic Party county committee for Nassau County New York,,web-research-2026-08-08,yes,3993,2997384,nyboe
ZELDIN FOR NEW YORK,REP,FALSE,,FALSE,yes,side:blank->REP,candidate,state,New York State,FALSE,high,Lee Zeldin is the Suffolk County Republican congressman who was the GOP nominee for New York governor in 2022 and this is his state campaign committee,https://www.nbcnews.com/politics/elections/gop-rep-lee-zeldin-announces-run-governor-new-york-n1263417,web-research-2026-08-08,yes,10673,2601913,nyboe
HMP,DEM,FALSE,,FALSE,yes,side:blank->DEM,ideological_pac,federal,United States,FALSE,high,HMP is the FEC filing name of committee C00495028 House Majority PAC which is the super PAC dedicated to electing House Democrats,https://www.fec.gov/data/committee/C00495028/,web-research-2026-08-08,yes,1555,2446044,fec
HARRIS FOR PRESIDENT,DEM,FALSE,,FALSE,yes,side:blank->DEM,candidate,federal,United States,FALSE,high,FEC committee C00703975 is the principal campaign committee of Democrat Kamala Harris renamed from Biden for President in July 2024,https://www.fec.gov/data/committee/C00703975/?cycle=2024,web-research-2026-08-08,yes,18345,2139287,fec
"TRUMP NATIONAL COMMITTEE JFC, INC.",REP,FALSE,,FALSE,yes,side:blank->REP,joint_fundraising,federal,United States,FALSE,high,FEC committee C00873893 is the joint fundraising committee formed in March 2024 between the Donald Trump campaign and the Republican National Committee,https://www.fec.gov/data/committee/c00873893/,web-research-2026-08-08,yes,42977,1964070,fec
SUFFOLK COUNTY DEMOCRATIC COMMITTEE,DEM,FALSE,DEM,FALSE,no,,party_committee,county,"Suffolk County, NY",FALSE,high,The name states it is the official Democratic Party county committee for Suffolk County New York,,web-research-2026-08-08,yes,5613,1942427,nyboe
CURRAN FOR NASSAU,DEM,FALSE,,FALSE,yes,side:blank->DEM,candidate,county,"Nassau County, NY",FALSE,high,Laura Curran is the Democrat who served as Nassau County Executive from 2018 through 2021 before losing to Republican Bruce Blakeman,"https://en.wikipedia.org/wiki/2021_Nassau_County,_New_York_Executive_election",web-research-2026-08-08,yes,1960,1777582,nyboe
BLAKEMAN FOR NASSAU,REP,FALSE,,FALSE,yes,side:blank->REP,candidate,county,"Nassau County, NY",FALSE,high,Bruce Blakeman is the Republican Nassau County Executive elected in 2021 and re-elected in 2025,https://en.wikipedia.org/wiki/2021_Nassau_County_Executive_election,web-research-2026-08-08,yes,1576,1625579,nyboe
FRIENDS OF ED MANGANO,REP,FALSE,,FALSE,yes,side:blank->REP,candidate,county,"Nassau County, NY",FALSE,high,Edward P. Mangano is a Republican who served as Nassau County Executive from 2010 to 2017 after serving in the Nassau County Legislature,https://dbpedia.org/page/Edward_P._Mangano,web-research-2026-08-08,yes,2859,1502552,nyboe
FRIENDS OF KATHLEEN RICE,DEM,FALSE,,FALSE,yes,side:blank->DEM,candidate,county,"Nassau County, NY",FALSE,high,Kathleen Rice was the Democratic Nassau County District Attorney from 2005 to 2015 and ran in the 2010 Democratic primary for New York Attorney General.,https://ballotpedia.org/Kathleen_Rice,web-research-2026-08-08,yes,796,1448086,nyboe
BELLONE FOR SUFFOLK,DEM,FALSE,,FALSE,yes,side:blank->DEM,candidate,county,"Suffolk County, NY",FALSE,high,Steve Bellone is the Democrat who served as Suffolk County Executive from 2012 through 2023,https://en.wikipedia.org/wiki/Steve_Bellone,web-research-2026-08-08,yes,1459,1304647,nyboe
SUOZZI FOR CONGRESS,DEM,FALSE,,FALSE,yes,side:blank->DEM,candidate,federal,New York's 3rd Congressional District,FALSE,high,Tom Suozzi is the Democrat representing New York's 3rd Congressional District covering northern Nassau County,https://en.wikipedia.org/wiki/Tom_Suozzi,web-research-2026-08-08,yes,1560,1284070,fec
TOWN OF HEMPSTEAD REPUBLICAN COMMITTEE,REP,FALSE,REP,FALSE,no,,party_committee,town,"Town of Hempstead, NY",FALSE,high,The name states it is the official Republican Party town committee for the Town of Hempstead in Nassau County,,web-research-2026-08-08,yes,6934,1253935,nyboe
FRIENDS OF DON CLAVIN,REP,FALSE,,FALSE,yes,side:blank->REP,candidate,town,"Town of Hempstead, NY",FALSE,high,Don Clavin is the Republican Town of Hempstead Supervisor who unseated Democrat Laura Gillen in 2019 and served three terms,https://patch.com/new-york/gardencity/clavin-officially-declared-hempstead-town-supervisor,web-research-2026-08-08,yes,4319,1242459,nyboe
TOWN OF OYSTER BAY REPUBLICAN COMMITTEE,REP,FALSE,REP,FALSE,no,,party_committee,town,"Town of Oyster Bay, NY",FALSE,high,The name states it is the official Republican Party town committee for the Town of Oyster Bay in Nassau County,,web-research-2026-08-08,yes,6137,1205533,nyboe
DNC SERVICES CORP / DEMOCRATIC NATIONAL COMMITTEE,DEM,FALSE,DEM,FALSE,no,,party_committee,federal,United States,FALSE,high,The committee name is the FEC registered name of the Democratic National Committee which is the national Democratic Party organization,,web-research-2026-08-08,yes,3463,1183957,fec
DINAPOLI 2022 INC.,DEM,FALSE,,FALSE,yes,side:blank->DEM,candidate,state,New York State,FALSE,high,Thomas DiNapoli is the Democratic New York State Comptroller and this was his 2022 statewide reelection committee,https://en.wikipedia.org/wiki/Thomas_DiNapoli,web-research-2026-08-08,yes,1930,1005318,nyboe
TOWN OF BABYLON DEMOCRATIC COMMITTEE,DEM,FALSE,DEM,FALSE,no,,party_committee,town,"Town of Babylon, Suffolk County, NY",FALSE,high,The name identifies it as the official Democratic Party organization for the Town of Babylon in Suffolk County,,web-research-2026-08-08,yes,2365,997107,nyboe
AMERICAN ISRAEL PUBLIC AFFAIRS COMMITTEE POLITICAL ACTION COMMITTEE,,FALSE,,FALSE,no,,ideological_pac,federal,United States,FALSE,high,FEC committee C00797670 is a membership-organization PAC connected to the AIPAC lobbying organization which funds both Democratic and Republican candidates on a single pro-Israel issue basis.,https://www.fec.gov/data/committee/C00797670/,web-research-2026-08-08,yes,627,981604,fec
CITIZENS FOR SALADINO,REP,FALSE,,FALSE,yes,side:blank->REP,candidate,town,"Town of Oyster Bay, NY",FALSE,high,Joseph Saladino is a Republican and has been Supervisor of the Town of Oyster Bay since 2017 after serving as a Republican state assemblyman,https://dbpedia.org/page/Joseph_Saladino,web-research-2026-08-08,yes,3429,972699,nyboe
TRUMP SAVE AMERICA JOINT FUNDRAISING COMMITTEE,REP,FALSE,,FALSE,yes,side:blank->REP,joint_fundraising,federal,United States,FALSE,high,FEC committee C00770941 is the joint fundraising committee splitting receipts between Donald Trump's campaign and his Save America leadership PAC,https://www.fec.gov/data/committee/C00770941/,web-research-2026-08-08,yes,20774,923815,fec
CITIZENS FOR SANTINO,REP,FALSE,,FALSE,yes,side:blank->REP,candidate,town,"Town of Hempstead, NY",FALSE,high,Anthony J. Santino is the Republican who served as Town of Hempstead Supervisor from 2016 to 2017 after years as a GOP town councilman,https://ballotpedia.org/Anthony_J._Santino,web-research-2026-08-08,yes,4607,887911,nyboe
SCGOP,REP,FALSE,,FALSE,yes,side:blank->REP,party_committee,county,"Suffolk County, NY",FALSE,high,SCGOP is the abbreviation used throughout suffolkcountygop.com by the Suffolk County Republican committee headquartered in Medford NY,https://www.suffolkcountygop.com/,web-research-2026-08-08,yes,1960,837946,nyboe
HEALTHCARE ASSOCIATION OF NEW YORK STATE PAC,,FALSE,,FALSE,no,,trade_assoc_pac,state,New York State,FALSE,high,HANYS is an employer trade association representing not-for-profit and public hospitals and health systems rather than a labor union and its PAC gives to legislators of both parties,https://www.hanys.org/about/,web-research-2026-08-08,yes,2303,827545,nyboe
KAMINSKY FOR NEW YORK,DEM,FALSE,,FALSE,yes,side:blank->DEM,candidate,state,New York State,FALSE,high,Todd Kaminsky is a Democrat who represented the 9th New York State Senate district and was the 2021 Democratic nominee for Nassau County District Attorney,https://en.wikipedia.org/wiki/Todd_Kaminsky,web-research-2026-08-08,yes,919,753478,nyboe
FRIENDS OF PATAKI,REP,FALSE,,FALSE,yes,side:blank->REP,candidate,state,New York State,FALSE,high,George Pataki is the Republican who served as Governor of New York from 1995 through 2006,https://en.wikipedia.org/wiki/George_Pataki,web-research-2026-08-08,yes,1357,727677,nyboe
WORKING FAMILIES PARTY INC.,DEM,FALSE,DEM,FALSE,no,,party_committee,state,New York State,FALSE,high,The New York Working Families Party is a ballot-qualified minor party that cross-endorses Democratic candidates and is folded to DEM under the project fusion rule,https://ballotpedia.org/Working_Families_Party_of_New_York,web-research-2026-08-08,yes,39293,722540,nyboe
FRIENDS OF MADELINE SINGAS,DEM,FALSE,,FALSE,yes,side:blank->DEM,candidate,county,"Nassau County, NY",FALSE,high,Madeline Singas won the Nassau County District Attorney race in 2015 as the Democratic nominee and was later named to the Court of Appeals by Democratic Gov. Andrew Cuomo,https://ballotpedia.org/Madeline_Singas,web-research-2026-08-08,yes,956,719128,nyboe
CALONE FOR SUFFOLK,DEM,FALSE,,FALSE,yes,side:blank->DEM,candidate,county,"Suffolk County, NY",FALSE,high,Dave Calone was the Democratic nominee for Suffolk County Executive in 2023 losing to Republican Ed Romaine,https://www.wshu.org/long-island-news/2023-10-27/ny-long-island-2023-general-election-guide,web-research-2026-08-08,yes,979,699396,nyboe
KATE MURRAY FOR SUPERVISOR,REP,FALSE,,FALSE,yes,side:blank->REP,candidate,town,"Town of Hempstead, NY",FALSE,high,Kate Murray is the Republican who served as Town of Hempstead Supervisor from 2003 through 2015,https://en.wikipedia.org/wiki/Kate_Murray_(New_York_politician),web-research-2026-08-08,yes,4473,676528,nyboe
DCCC,DEM,FALSE,,FALSE,yes,side:blank->DEM,party_committee,federal,United States,FALSE,high,DCCC is the FEC filer name of the Democratic Congressional Campaign Committee the Democratic national party committee for US House races,https://en.wikipedia.org/wiki/Democratic_Congressional_Campaign_Committee,web-research-2026-08-08,yes,5953,637648,fec
DESPOSITO FOR NEW YORK,REP,FALSE,,FALSE,yes,side:blank->REP,candidate,federal,United States,FALSE,high,Anthony D'Esposito is the Republican who represented New York's 4th congressional district from 2023 to 2025 and this is his federal campaign committee.,https://en.wikipedia.org/wiki/Anthony_D%27Esposito,web-research-2026-08-08,yes,1034,623146,fec
ROMAINE FOR SUFFOLK,REP,FALSE,,FALSE,yes,side:blank->REP,candidate,county,"Suffolk County, NY",FALSE,high,Ed Romaine is the Republican who flipped the Suffolk County Executive seat in November 2023 after serving as Brookhaven Town Supervisor,https://www.cbsnews.com/newyork/news/republican-ed-romaine-flips-suffolk-county-executive-seat-pledges-to-bring-county-together/,web-research-2026-08-08,yes,1912,619831,nyboe
NRSC,REP,FALSE,,FALSE,yes,side:blank->REP,party_committee,federal,United States,FALSE,high,NRSC is the FEC filer name of the National Republican Senatorial Committee the GOP national party committee for US Senate races,https://www.fec.gov/legal-resources/court-cases/democratic-senatorial-campaign-committee-v-national-republican-senatorial-committee/,web-research-2026-08-08,yes,10425,616329,fec
COMMITTEE TO ELECT A REPUBLICAN MAJORITY,REP,FALSE,REP,FALSE,no,,party_committee,state,New York State,FALSE,medium,The committee name states outright that its purpose is electing a Republican majority so the side is certain although the specific legislative body and level could not be verified because the NYSBOE public reporting site was unreachable,,web-research-2026-08-08,yes,2356,611331,nyboe
FRIENDS OF TOM SUOZZI,DEM,FALSE,,FALSE,yes,side:blank->DEM,candidate,multi,New York State,FALSE,high,Tom Suozzi is a Democrat who served as Glen Cove Mayor and Nassau County Executive 2002-2009 and ran in Democratic gubernatorial primaries,https://en.wikipedia.org/wiki/Tom_Suozzi,web-research-2026-08-08,yes,746,589909,nyboe
REPUBLICAN NATIONAL COMMITTEE,REP,FALSE,REP,FALSE,no,,party_committee,federal,United States,FALSE,high,The name states it is the national governing party committee of the Republican Party,,web-research-2026-08-08,yes,6483,576859,fec
TIM SINI FOR DA,DEM,FALSE,,FALSE,yes,side:blank->DEM,candidate,county,"Suffolk County, NY",FALSE,high,Tim Sini (D) was elected Suffolk County District Attorney in 2017 after serving as Suffolk County Police Commissioner,https://tbrnewsmedia.com/tag/tim-sini/,web-research-2026-08-08,yes,598,566146,nyboe
REALTORS POLITICAL ACTION COMMITTEE,,FALSE,,FALSE,no,,trade_assoc_pac,state,New York State,FALSE,high,RPAC is the political arm of the REALTOR trade association and states it elects pro-REALTOR candidates of either party rather than a single party,https://www.nar.realtor/rpac,web-research-2026-08-08,yes,3546,525617,nyboe
SUFFOLK COUNTY CONSERVATIVE COMMITTEE,REP,FALSE,,FALSE,yes,side:blank->REP,party_committee,county,"Suffolk County, NY",FALSE,high,This is the Suffolk County organization of the Conservative Party of New York State which usually endorses the same candidates as the Republican Party and campaigns against Democrats,https://en.wikipedia.org/wiki/Conservative_Party_of_New_York_State,web-research-2026-08-08,yes,2042,525410,nyboe
FRIENDS OF ANGIE CARPENTER,REP,FALSE,,FALSE,yes,side:blank->REP,candidate,town,"Town of Islip, Suffolk County, NY",FALSE,high,Angie Carpenter is the Republican Town of Islip Supervisor who sought re-election against Democrat Kenneth Colon,https://www.babylonbeacon.com/articles/republican-islip-town-supervisor-angie-carpenter-seeking-re-election-and-is-challenged-by-democrat-kenneth-colon/,web-research-2026-08-08,yes,2259,517740,nyboe
DSCC,DEM,FALSE,,FALSE,yes,side:blank->DEM,party_committee,federal,United States,FALSE,high,DSCC is the FEC filer name of the Democratic Senatorial Campaign Committee the Democratic national party committee for US Senate races,https://www.fec.gov/legal-resources/court-cases/democratic-senatorial-campaign-committee-v-national-republican-senatorial-committee/,web-research-2026-08-08,yes,5361,492304,fec
NYS SENATE REPUBLICAN CAMPAIGN COMMITTEE (NYSSRCC),REP,FALSE,REP,FALSE,no,,party_committee,state,New York State,FALSE,high,Name states it is the campaign committee of the New York State Senate Republican conference,,web-research-2026-08-08,yes,582,492064,nyboe
SUFFOLK COUNTY REPUBLICAN COMMITTEE CAMPAIGN ACCT (SCRC),REP,FALSE,REP,FALSE,no,,party_committee,county,"Suffolk County, NY",FALSE,high,The name identifies it as the campaign account of the official Republican Party county committee for Suffolk County,,web-research-2026-08-08,yes,2359,491879,nyboe
FRIENDS OF DAN LOSQUADRO,REP,FALSE,,FALSE,yes,side:blank->REP,candidate,town,"Town of Brookhaven, NY",FALSE,high,Dan Losquadro is the Republican Brookhaven Town Highway Superintendent and a former Republican New York State Assemblyman,https://ballotpedia.org/Daniel_Losquadro,web-research-2026-08-08,yes,1867,491729,nyboe
EAST ROCKAWAY REPUBLICAN FINANCE COMMITTEE,REP,FALSE,REP,FALSE,no,,party_committee,village,"Village of East Rockaway, Nassau County, NY",FALSE,medium,The name identifies it as the fundraising arm of the Republican party organization in East Rockaway which is an incorporated village inside the Town of Hempstead in Nassau County,"https://en.wikipedia.org/wiki/East_Rockaway,_New_York",web-research-2026-08-08,yes,3012,491279,nyboe
NICOLE FOR NASSAU,DEM,FALSE,,FALSE,yes,side:blank->DEM,candidate,county,"Nassau County, NY",FALSE,high,Nicole for Nassau is the campaign site of Nicole Aloise who was the Democratic nominee for Nassau County District Attorney in 2025 against Republican Anne Donnelly,https://en.wikipedia.org/wiki/2025_Nassau_County_District_Attorney_election,web-research-2026-08-08,yes,454,490458,nyboe
FRIENDS OF STEVE LEVY,,FALSE,,FALSE,no,,candidate,county,"Suffolk County, NY",FALSE,medium,Steve Levy served his entire 2004-2011 term as Suffolk County Executive as a Democrat with Republican cross-endorsement in 2007 and his switch to the Republican Party only took effect after the November 2010 election.,https://en.wikipedia.org/wiki/Steve_Levy_(politician),web-research-2026-08-08,yes,772,487179,nyboe
GILLEN FOR NY,DEM,FALSE,,FALSE,yes,side:blank->DEM,candidate,federal,United States,FALSE,high,Laura Gillen is the Democrat who won New York's 4th Congressional District in Nassau County in 2024 defeating Republican Anthony D'Esposito.,https://www.fec.gov/data/candidate/H2NY04244/,web-research-2026-08-08,yes,1170,457578,fec
HUNTINGTON REPUBLICAN COMMITTEE,REP,FALSE,REP,FALSE,no,,party_committee,town,"Town of Huntington, NY",FALSE,high,The committee name itself states it is the Republican Party committee for the Town of Huntington in Suffolk County,,web-research-2026-08-08,yes,1667,451864,nyboe
CITIZENS FOR D'ESPOSITO,REP,FALSE,,FALSE,yes,side:blank->REP,candidate,town,"Town of Hempstead, NY",FALSE,high,Anthony D'Esposito is a Republican who served on the Hempstead Town Council before winning the NY-04 congressional seat as a Republican in 2022,https://en.wikipedia.org/wiki/Anthony_D%27Esposito,web-research-2026-08-08,yes,2070,435923,nyboe
JOHN AVLON FOR CONGRESS,DEM,FALSE,,FALSE,yes,side:blank->DEM,candidate,federal,New York,FALSE,high,John Avlon was the Democratic nominee for New York's 1st congressional district in 2024 and lost to Republican Nick LaLota.,https://ballotpedia.org/John_Avlon,web-research-2026-08-08,yes,800,426194,fec
SUFFOLK COUNTY REPUBLICAN COMMITTEE - THE CHAIRMANS CLUB (SCRC),REP,FALSE,REP,FALSE,no,,party_committee,county,"Suffolk County, NY",FALSE,high,The committee name states it is the Chairman's Club fundraising arm of the Suffolk County Republican Committee the official county GOP organization.,,web-research-2026-08-08,yes,1245,423460,nyboe
TOWN OF ISLIP REPUBLICAN COMMITTEE,REP,FALSE,REP,FALSE,no,,party_committee,town,"Town of Islip, NY",FALSE,high,The committee name itself states it is the Republican Party committee for the Town of Islip in Suffolk County,,web-research-2026-08-08,yes,2030,403684,nyboe
HICKSVILLE REPUBLICAN COMMITTEE,REP,FALSE,REP,FALSE,no,,party_committee,town,"Hicksville, Town of Oyster Bay, NY",FALSE,high,Hicksville is a hamlet in the Town of Oyster Bay in Nassau County and this is its local Republican Party committee,"https://en.wikipedia.org/wiki/Hicksville,_New_York",web-research-2026-08-08,yes,854,391435,nyboe
MASON TENDERS DISTRICT COUNCIL OF GREATER NEW YORK POLITICAL ACTION COMMITTEE,DEM,TRUE,,TRUE,yes,side:blank->DEM,union_pac,state,New York State,FALSE,high,Mason Tenders District Council of Greater New York is a LIUNA Laborers union district council whose LiUNA-NY political operation endorses Democratic candidates,https://www.mttf.org/2020/07/30/liuna-ny-endorses-longtime-labor-advocate-rebecca-lamorte/,web-research-2026-08-08,yes,50648,386153,nyboe
DINAPOLI FOR NEW YORK,DEM,FALSE,,FALSE,yes,side:blank->DEM,candidate,state,New York State,FALSE,high,Thomas DiNapoli is the Democratic New York State Comptroller and this is one of his statewide candidate committees,https://en.wikipedia.org/wiki/Thomas_DiNapoli,web-research-2026-08-08,yes,1796,378643,nyboe
FRIENDS OF JUDI BOSWORTH,DEM,FALSE,,FALSE,yes,side:blank->DEM,candidate,town,"Town of North Hempstead, NY",FALSE,high,Judi Bosworth is the Democrat elected Town of North Hempstead Supervisor in 2013 who served until 2021.,https://patch.com/new-york/greatneck/north-hempstead-town-supervisor-candidates-meet-judi-bosworth,web-research-2026-08-08,yes,1113,378161,nyboe
FRIENDS OF JON KAIMAN,DEM,FALSE,,FALSE,yes,side:blank->DEM,candidate,town,"Town of North Hempstead, NY",FALSE,high,Jon Kaiman is a Democrat who served as North Hempstead Town Supervisor and ran again for that office on the Democratic ticket,https://theisland360.com/featured/kaiman-runs-for-old-post-of-n-hempstead-supervisor-on-dem-ticket/,web-research-2026-08-08,yes,876,368112,nyboe
KOSLOW FOR NASSAU,DEM,FALSE,,FALSE,yes,side:blank->DEM,candidate,county,"Nassau County, NY",FALSE,high,Seth Koslow is the Democratic Nassau County Legislator from Merrick who was the Democratic nominee for Nassau County Executive in 2025 against Bruce Blakeman.,https://en.wikipedia.org/wiki/2025_Nassau_County_Executive_election,web-research-2026-08-08,yes,1022,367073,nyboe
JACK SCHNIRMAN FOR NASSAU,DEM,FALSE,,FALSE,yes,side:blank->DEM,candidate,county,"Nassau County, NY",FALSE,high,Jack Schnirman is the Democrat who won the 2017 Nassau County Comptroller race over Republican Steve Labriola,"https://liherald.com/stories/jack-schnirman-named-nassau-county-comptroller-defeats-steve-labriola,97394",web-research-2026-08-08,yes,718,361719,nyboe
NORTH VALLEY STREAM REPUBLICAN COMMITTEE,REP,FALSE,REP,FALSE,no,,party_committee,town,"Town of Hempstead, NY",FALSE,high,The name states it is a Republican Party committee and North Valley Stream is an unincorporated hamlet in the Town of Hempstead in Nassau County,,web-research-2026-08-08,yes,1490,350152,nyboe
"NEVER SURRENDER, INC.",REP,FALSE,,FALSE,yes,side:blank->REP,leadership_pac,federal,United States,FALSE,high,FEC lists committee C00828541 as Donald Trump's leadership PAC Never Surrender Inc which is the renamed Donald J. Trump for President 2024 principal campaign committee,https://www.fec.gov/data/committee/C00828541/,web-research-2026-08-08,yes,3796,341780,fec
ANNA KAPLAN FOR NY STATE SENATE,DEM,FALSE,,FALSE,yes,side:blank->DEM,candidate,state,New York State,FALSE,high,Anna Kaplan is a Democrat who served in the New York State Senate representing the 7th district in Nassau County from 2018 to 2022,https://en.wikipedia.org/wiki/Anna_Kaplan,web-research-2026-08-08,yes,985,336799,nyboe
MARTINS FOR NASSAU,REP,FALSE,,FALSE,yes,side:blank->REP,candidate,county,"Nassau County, NY",FALSE,high,Jack Martins is a Republican former Mineola mayor and state senator who was the GOP nominee for Nassau County Executive in 2017 and lost narrowly to Democrat Laura Curran.,https://en.wikipedia.org/wiki/Jack_Martins,web-research-2026-08-08,yes,602,334301,nyboe
NASSAU COUNTY CONSERVATIVE PARTY,REP,FALSE,REP,FALSE,no,,party_committee,county,"Nassau County, NY",FALSE,high,This is the Nassau county organization of the New York Conservative Party which routinely cross-endorses Republican candidates and folds to REP under the project fusion rule,,web-research-2026-08-08,yes,1512,320264,nyboe
ELEANOR ROOSEVELT LEGACY COMMITTEE,DEM,FALSE,,FALSE,yes,side:blank->DEM,ideological_pac,state,New York State,FALSE,high,The Eleanor Roosevelt Legacy Committee operating as Eleanor's Legacy was founded by former NY Democratic Party chair Judith Hope to recruit train and fund pro-choice Democratic women candidates across New York,https://www.eleanorslegacy.com/about,web-research-2026-08-08,yes,929,318704,nyboe
FRIENDS OF ED WEHRHEIM,REP,FALSE,,FALSE,yes,side:blank->REP,candidate,town,"Town of Smithtown, NY",FALSE,high,Ed Wehrheim is the incumbent Town of Smithtown Supervisor who runs and wins as a Republican including the contested GOP primary,https://longisland.news12.com/race-heats-up-in-republican-primary-for-smithtown-town-supervisor,web-research-2026-08-08,yes,1932,312461,nyboe
ISLAND PARK-LIDO-POINT LOOKOUT - REPUBLICAN CLUB FINANCE COMMITTEE,REP,FALSE,REP,FALSE,no,,party_committee,town,"Town of Hempstead, NY",FALSE,high,The name states it is a Republican club and Island Park Lido Beach and Point Lookout all sit inside the Town of Hempstead in Nassau County,,web-research-2026-08-08,yes,1454,311399,nyboe
BROOKHAVEN TOWN DEMOCRATIC COMMITTEE,DEM,FALSE,DEM,FALSE,no,,party_committee,town,"Town of Brookhaven, NY",FALSE,high,The committee name itself states it is the Democratic Party committee for the Town of Brookhaven in Suffolk County,,web-research-2026-08-08,yes,1821,310689,nyboe
"SOUTHOLD TOWN DEMOCRATIC COMMITTEE (""STDC"")",DEM,FALSE,DEM,FALSE,no,,party_committee,town,"Town of Southold, Suffolk County, NY",FALSE,high,The Southold Town Democratic Committee is the official town level Democratic Party organization listed by the Suffolk County Democratic Committee,https://suffolkcountydems.com/content/southold-town-democratic-committee,web-research-2026-08-08,yes,2514,304601,nyboe
RAY TIERNEY FOR DISTRICT ATTORNEY,REP,FALSE,,FALSE,yes,side:blank->REP,candidate,county,"Suffolk County, NY",FALSE,high,Ray Tierney is the Republican who unseated Democratic Suffolk County District Attorney Tim Sini in November 2021.,https://www.longislandpress.com/2021/11/03/ray-tierney-unseats-suffolk-da-tim-sini/,web-research-2026-08-08,yes,754,304010,nyboe
CENTRAL ISLIP TEACHERS' ASSOCIATION POLITICAL ACTION COMMITTEE,DEM,TRUE,,TRUE,yes,side:blank->DEM,union_pac,town,"Central Islip School District, Town of Islip, Suffolk County, NY",FALSE,medium,A New York school district teachers association is the collective bargaining union local affiliated with NYSUT and AFT and NYSUT affiliated committees lean Democratic,https://www.nysut.org/,web-research-2026-08-08,yes,2419,299026,nyboe
FRIENDS OF LAURA GILLEN,DEM,FALSE,,FALSE,yes,side:blank->DEM,candidate,town,"Town of Hempstead, NY",FALSE,high,Laura Gillen is a Democrat who was elected Town of Hempstead Supervisor in 2017 and later won the NY-4 congressional seat,https://en.wikipedia.org/wiki/Laura_Gillen,web-research-2026-08-08,yes,529,297080,nyboe
BLAKEMAN FOR NEW YORK,REP,FALSE,,FALSE,yes,side:blank->REP,candidate,county,"Nassau County, NY",FALSE,high,Bruce Blakeman is the Republican Nassau County Executive elected in 2021 and reelected in 2025 who also announced a 2026 run for governor,https://en.wikipedia.org/wiki/Bruce_Blakeman,web-research-2026-08-08,yes,904,288157,nyboe
LAVINE FOR GOOD GOVERNMENT,DEM,FALSE,,FALSE,yes,side:blank->DEM,candidate,state,New York State,FALSE,high,Charles Lavine is a Democrat who has represented District 13 in the New York State Assembly since 2005 and this is his campaign committee.,https://ballotpedia.org/Charles_Lavine,web-research-2026-08-08,yes,1058,276923,nyboe
FRIENDS OF DAN PANICO,REP,FALSE,,FALSE,yes,side:blank->REP,candidate,town,"Town of Brookhaven, NY",FALSE,high,Dan Panico is the Republican elected Town of Brookhaven Supervisor in 2023 after serving as councilman for the 6th Council District and deputy supervisor.,https://tbrnewsmedia.com/clayman-and-panico-tee-off-for-brookhaven-town-supervisor/,web-research-2026-08-08,yes,1059,275996,nyboe
NORTH HEMPSTEAD REPUBLICAN COMMITTEE,REP,FALSE,REP,FALSE,no,,party_committee,town,"Town of North Hempstead, NY",FALSE,high,The name identifies it as the official Republican Party town committee for the Town of North Hempstead in Nassau County.,,web-research-2026-08-08,yes,1082,275911,nyboe
LALOTA FOR CONGRESS,REP,FALSE,,FALSE,yes,side:blank->REP,candidate,federal,New York's 1st Congressional District,FALSE,high,Nick LaLota is a Republican serving since 2023 as US representative for New York's 1st congressional district in Suffolk County,https://en.wikipedia.org/wiki/Nick_LaLota,web-research-2026-08-08,yes,560,272528,fec
NEW YORKERS FOR A BRIGHTER FUTURE,,FALSE,,FALSE,no,,other,state,New York State,FALSE,low,Repeated searches of news archives and campaign-finance aggregators returned no record identifying the sponsor or candidate behind this NY BOE filer and the NYSBOE public reporting site was unreachable,,web-research-2026-08-08,yes,3547,271308,nyboe
NRCC,REP,FALSE,,FALSE,yes,side:blank->REP,party_committee,federal,United States,FALSE,high,NRCC is the FEC filer name of the National Republican Congressional Committee the GOP national party committee for US House races,https://en.wikipedia.org/wiki/National_Republican_Congressional_Committee,web-research-2026-08-08,yes,4133,269080,fec
MEDICAL SOCIETY OF THE STATE OF NEW YORK POLITICAL ACTION COMMITTEE,,FALSE,,FALSE,no,,trade_assoc_pac,state,New York State,FALSE,high,MSSNY is a professional association of roughly 20000 licensed New York physicians so its PAC is a trade association PAC not a labor union and it funds legislators of both parties,https://en.wikipedia.org/wiki/Medical_Society_of_the_State_of_New_York,web-research-2026-08-08,yes,1432,268710,nyboe
DESENA FOR NORTH HEMPSTEAD,REP,FALSE,,FALSE,yes,side:blank->REP,candidate,town,"Town of North Hempstead, NY",FALSE,high,Jennifer DeSena is a registered Democrat who won the North Hempstead Supervisor seat in 2021 running on the Republican and Conservative ballot lines as the first Republican-backed winner in three decades.,https://en.wikipedia.org/wiki/Jennifer_DeSena,web-research-2026-08-08,yes,639,265709,nyboe
JOSH LAFAZAN FOR RESPONSIBLE GOVERNMENT,DEM,FALSE,,FALSE,yes,side:blank->DEM,candidate,county,"Nassau County, NY",FALSE,medium,Josh Lafazan is a registered Democrat who served in the Nassau County Legislature and placed third in the 2022 Democratic primary for New York's 3rd congressional district although he also took Conservative Party ballot lines.,https://en.wikipedia.org/wiki/Josh_Lafazan,web-research-2026-08-08,yes,647,263732,nyboe
FRIENDS OF TOULON,DEM,FALSE,,FALSE,yes,side:blank->DEM,candidate,county,"Suffolk County, NY",FALSE,high,Errol Toulon Jr. is the Suffolk County Sheriff first elected in 2017 and is identified as Toulon (D) in local election coverage,https://tbrnewsmedia.com/tag/errol-toulon/,web-research-2026-08-08,yes,900,262367,nyboe
JAMES FOR NY,DEM,FALSE,,FALSE,yes,side:blank->DEM,candidate,state,New York State,FALSE,high,JamesForNY.com is the official campaign site of Letitia James the Democratic Attorney General of New York,https://jamesforny.com/,web-research-2026-08-08,yes,1265,260852,nyboe
OYSTER BAY REPUBLICAN CLUB-COMMITTEEMEN'S COUNCIL,REP,FALSE,REP,FALSE,no,,party_committee,town,"Town of Oyster Bay, NY",FALSE,medium,This is a New York registered Republican club committee of the Town of Oyster Bay Republican organization in Nassau County,https://www.transparencyusa.org/ny/committee/oyster-bay-republican-club-committeemens-council-80/contributors,web-research-2026-08-08,yes,1772,258284,nyboe
BELLONE 2011,DEM,FALSE,,FALSE,yes,side:blank->DEM,candidate,county,"Suffolk County, NY",FALSE,high,Steve Bellone is a Democrat elected Suffolk County Executive in 2011 after serving as Babylon Town Supervisor,https://suffolkcountydems.com/about-steve,web-research-2026-08-08,yes,743,256150,nyboe
CAMPAIGN FOR DEMOCRATIC LEGISLATURE,DEM,FALSE,DEM,FALSE,no,,party_committee,state,New York State,FALSE,medium,The name identifies it as a Democratic legislative campaign committee registered with the NY Board of Elections though the specific chamber it serves could not be confirmed.,https://elections.ny.gov/campaign-finance,web-research-2026-08-08,yes,1071,253774,nyboe
FRIENDS OF JOHN KENNEDY,REP,FALSE,,FALSE,yes,side:blank->REP,candidate,county,"Suffolk County, NY",FALSE,medium,John M. Kennedy Jr. was elected Suffolk County Comptroller on the Republican ticket in 2014 and is the Long Island officeholder by that name filing with the NY Board of Elections.,https://en.wikipedia.org/wiki/John_M._Kennedy_Jr.,web-research-2026-08-08,yes,1106,247349,nyboe
ANNE DONNELLY FOR DISTRICT ATTORNEY,REP,FALSE,,FALSE,yes,side:blank->REP,candidate,county,"Nassau County, NY",FALSE,high,Republican Anne Donnelly defeated Democrat Todd Kaminsky in the 2021 Nassau County District Attorney race,https://www.longislandpress.com/2021/11/02/republican-anne-donnelly-declares-victory-in-nassau-da-race/,web-research-2026-08-08,yes,515,244067,nyboe
SOUTHOLD GOP,REP,FALSE,REP,FALSE,no,,party_committee,town,"Town of Southold, NY",FALSE,high,GOP in the committee name identifies it as the Republican committee for the Town of Southold on the North Fork of Suffolk County,,web-research-2026-08-08,yes,1657,243500,nyboe
GAUGHRAN FOR NEW YORK,DEM,FALSE,,FALSE,yes,side:blank->DEM,candidate,state,New York State,FALSE,high,James Gaughran is the Democrat who won the New York State Senate 5th district seat in 2018 covering Huntington and Oyster Bay,https://ballotpedia.org/James_Gaughran,web-research-2026-08-08,yes,1382,239633,nyboe
FARMINGDALE REPUBLICAN COMMITTEE FRC,REP,FALSE,REP,FALSE,no,,party_committee,village,"Village of Farmingdale, NY",FALSE,medium,NY campaign finance records list this filer as the Farmingdale Republican Club FRC a local GOP club serving Farmingdale in the Town of Oyster Bay Nassau County.,https://www.transparencyusa.org/ny/committee/farmingdale-republican-club-frc-20507/contributors?cycle=2024-election-cycle,web-research-2026-08-08,yes,1140,238352,nyboe
TEAM KENNEDY,,FALSE,,FALSE,no,,candidate,federal,United States,FALSE,medium,Team Kennedy is FEC committee C00836916 the principal campaign committee of Robert F. Kennedy Jr. who left the 2024 Democratic presidential primary to run as an independent and later endorsed Trump so the donor base is not cleanly one side,https://www.fec.gov/data/committee/C00836916,web-research-2026-08-08,yes,1264,237736,fec
MONTANANS FOR TESTER,DEM,FALSE,,FALSE,yes,side:blank->DEM,candidate,federal,Montana,FALSE,high,Jon Tester was the Democratic incumbent United States Senator from Montana who lost the 2024 general election to Republican Tim Sheehy,https://dbpedia.org/page/2024_United_States_Senate_election_in_Montana,web-research-2026-08-08,yes,2617,231085,fec
FRIENDS OF VINCENT DEMARCO,REP,FALSE,,FALSE,yes,side:blank->REP,candidate,county,"Suffolk County, NY",FALSE,medium,Vincent DeMarco served as Suffolk County Sheriff from 2006 to 2017 and RiverheadLOCAL describes him as a Conservative Party member who also ran with Democratic support so the Conservative fold puts him at REP,https://riverheadlocal.com/2017/10/15/race-suffolk-county-sheriff-score-one-democratic-process/,web-research-2026-08-08,yes,1417,230661,nyboe
NIKKI HALEY FOR PRESIDENT INC.,REP,FALSE,,FALSE,yes,side:blank->REP,candidate,federal,United States,FALSE,high,Nikki Haley is a Republican who sought the 2024 Republican presidential nomination and suspended her campaign on March 6 2024.,https://en.wikipedia.org/wiki/Nikki_Haley,web-research-2026-08-08,yes,1054,229085,fec
FRIENDS OF MARK CUTHBERTSON,DEM,FALSE,,FALSE,yes,side:blank->DEM,candidate,town,"Town of Huntington, NY",FALSE,high,Mark Cuthbertson is a Democratic Huntington Town Councilman listed by the Suffolk County Democratic Committee and later led the Huntington Democrats,https://suffolkcountydems.com/candidate/mark-cuthbertson,web-research-2026-08-08,yes,744,223561,nyboe
TED CRUZ FOR SENATE,REP,FALSE,,FALSE,yes,side:blank->REP,candidate,federal,Texas,FALSE,high,Ted Cruz is the Republican United States Senator from Texas serving since 2013,https://dbpedia.org/page/Ted_Cruz,web-research-2026-08-08,yes,2636,217817,fec
LONG BEACH REPUBLICAN CITY COMMITTEE,REP,FALSE,REP,FALSE,no,,party_committee,town,"City of Long Beach, NY",FALSE,high,The name states it is the Republican Party city committee for Long Beach which is one of Nassau County's two cities and sits at the municipal level alongside the towns,,web-research-2026-08-08,yes,1330,215563,nyboe
FRIENDS OF JOHN VENDITTO,REP,FALSE,,FALSE,yes,side:blank->REP,candidate,town,"Town of Oyster Bay, NY",FALSE,high,John Venditto served as Republican Town of Oyster Bay Supervisor from 1998 until resigning in 2017.,"https://www.liherald.com/stories/former-oyster-bay-supervisor-john-venditto-dies-of-cancer,123249",web-research-2026-08-08,yes,841,214485,nyboe
CITIZENS FOR HANNON,REP,FALSE,,FALSE,yes,side:blank->REP,candidate,state,New York State,FALSE,high,Kemp Hannon was the Republican New York State Senator for the 6th district in Nassau County from 1989 to 2018,https://en.wikipedia.org/wiki/Kemp_Hannon,web-research-2026-08-08,yes,572,214400,nyboe
FRIENDS FOR KATE MURRAY,REP,FALSE,,FALSE,yes,side:blank->REP,candidate,town,"Town of Hempstead, NY",FALSE,high,Kate Murray is the Republican who served as Town of Hempstead Supervisor from 2004 to 2015 and later ran for Hempstead Town Clerk on the Republican and Conservative lines,https://en.wikipedia.org/wiki/Kate_Murray_(New_York_politician),web-research-2026-08-08,yes,695,212046,nyboe
GLEN COVE REPUBLICAN CITY COMM,REP,FALSE,REP,FALSE,no,,party_committee,town,"City of Glen Cove, NY",FALSE,high,The name identifies it as the Republican city committee for Glen Cove which is one of two cities in Nassau County and sits at the same municipal tier as a town.,,web-research-2026-08-08,yes,1018,211592,nyboe
NORTH HEMPSTEAD DEMOCRATIC COMMITTEE,DEM,FALSE,DEM,FALSE,no,,party_committee,town,"Town of North Hempstead, NY",FALSE,high,The name states it is the Democratic Party committee for the Town of North Hempstead in Nassau County.,,web-research-2026-08-08,yes,656,211205,nyboe
LAZIO 2010 INC.,REP,FALSE,,FALSE,yes,side:blank->REP,candidate,state,New York State,FALSE,high,Rick Lazio is a Republican and former Long Island congressman who received the New York State Republican Party designation for governor in June 2010.,https://en.wikipedia.org/wiki/Rick_Lazio,web-research-2026-08-08,yes,602,207458,nyboe
WE WANT WAYNE WINK,DEM,FALSE,,FALSE,yes,side:blank->DEM,candidate,multi,"Nassau County, NY",FALSE,high,Wayne Wink Jr. is a Democrat who served in the New York State Assembly and as North Hempstead town clerk and ran as the Democratic candidate for Nassau County Comptroller in 2025.,https://www.longislandpress.com/2025/08/27/nassau-county-comptroller-candidate-wayne-h-wink-jr-democrat/,web-research-2026-08-08,yes,769,207269,nyboe
ELMONT NORTH REPUBLICAN COMMITTEE,REP,FALSE,REP,FALSE,no,,party_committee,town,"Elmont, Town of Hempstead, NY",FALSE,high,Elmont is a hamlet in northwestern Town of Hempstead in Nassau County and this is a local Republican Party committee covering its northern election districts,"https://en.wikipedia.org/wiki/Elmont,_New_York",web-research-2026-08-08,yes,867,203272,nyboe
EAST HAMPTON TOWN DEMOCRATIC COMMITTEE,DEM,FALSE,DEM,FALSE,no,,party_committee,town,"Town of East Hampton, NY",FALSE,high,The name states it is the Democratic Party town committee for the Town of East Hampton in Suffolk County,,web-research-2026-08-08,yes,728,202957,nyboe
HUNTINGTON TOWN DEMOCRATIC COMMITTEE,DEM,FALSE,DEM,FALSE,no,,party_committee,town,"Town of Huntington, NY",FALSE,high,The name states it is the official Democratic Party committee for the Town of Huntington in Suffolk County,,web-research-2026-08-08,yes,1538,201878,nyboe
FRIENDS OF ED SMYTH,REP,FALSE,,FALSE,yes,side:blank->REP,candidate,town,"Town of Huntington, Suffolk County, NY",FALSE,high,Ed Smyth (R) was elected Town of Huntington Supervisor in 2021 after serving as a Huntington councilman from 2017,https://tbrnewsmedia.com/tag/ed-smyth/,web-research-2026-08-08,yes,562,196156,nyboe
FRIENDS OF SHERROD BROWN,DEM,FALSE,,FALSE,yes,side:blank->DEM,candidate,federal,Ohio,FALSE,high,Sherrod Brown is a Democrat who served as United States Senator from Ohio from 2007 to 2025,https://dbpedia.org/page/Sherrod_Brown,web-research-2026-08-08,yes,2330,193363,fec
NATIONAL AIR TRAFFIC CONTROLLERS ASSOCIATION PAC,,TRUE,,FALSE,yes,labor:False->True,union_pac,federal,United States,FALSE,medium,NATCA is an AFL-CIO affiliated air traffic controllers labor union whose federal PAC targets aviation and appropriations committee members of both parties rather than one side,https://en.wikipedia.org/wiki/National_Air_Traffic_Controllers_Association,web-research-2026-08-08,yes,2083,192371,fec
NEW YORK ANESTHESIOLOGISTS POLITICAL ACTION COMMITTEE,,FALSE,,FALSE,no,,trade_assoc_pac,state,New York State,FALSE,medium,NYAPAC is the PAC of the New York State Society of Anesthesiologists which is a physicians professional society rather than a union and it gives to Albany incumbents of both parties,https://www.transparencyusa.org/ny/committee/new-york-anesthesiologists-pac-nyapac-1587/contributors?cycle=2022-election-cycle,web-research-2026-08-08,yes,1540,192006,nyboe
FRIENDS OF SENATOR JACK MARTINS,REP,FALSE,,FALSE,yes,side:blank->REP,candidate,state,New York State,FALSE,high,Jack Martins is the Republican New York State Senator for the 7th District in Nassau County,https://ballotpedia.org/Jack_Martins,web-research-2026-08-08,yes,529,191198,nyboe
FRIENDS OF ED RA,REP,FALSE,,FALSE,yes,side:blank->REP,candidate,state,New York State,FALSE,high,Ed Ra is the Republican Assemblymember for New York's 19th Assembly District in Nassau County and was elected Assembly minority leader in February 2026,https://en.wikipedia.org/wiki/Edward_Ra,web-research-2026-08-08,yes,925,189701,nyboe
FRIENDS OF JOHN FERRETTI,REP,FALSE,,FALSE,yes,side:blank->REP,candidate,multi,"Nassau County and Town of Hempstead, NY",FALSE,high,John Ferretti Jr. was Republican Nassau County Legislator for District 15 in Levittown and won the November 2025 election for Town of Hempstead Supervisor as a Republican,https://patch.com/new-york/gardencity/ferretti-declared-winner-hempstead-town-supervisor-election,web-research-2026-08-08,yes,533,188005,nyboe
FRIENDS OF CARL L. MARCELLINO,REP,FALSE,,FALSE,yes,side:blank->REP,candidate,state,New York State,FALSE,high,Carl L. Marcellino was the Republican New York State Senator for the 5th district from 1995 to 2018 and later Town of Oyster Bay Clerk,"https://www.liherald.com/stories/carl-marcellino-former-state-senator-and-town-of-oyster-bay-cler-dead-at-83,220549",web-research-2026-08-08,yes,677,184460,nyboe
THE FRIENDS OF SUSAN A BERLAND,DEM,FALSE,,FALSE,yes,side:blank->DEM,candidate,multi,"Suffolk County, NY",FALSE,high,Susan Berland is a Democrat who served as Huntington Town Councilwoman and Suffolk County Legislator for the 16th District and ran as the Democratic candidate for New York's 2nd Senate District.,https://suffolkcountydems.com/content/susan-berland-new-yorks-2nd-senate-district,web-research-2026-08-08,yes,995,182050,nyboe
MASSAPEQUA PARK REPUBLICAN COMMITTEE,REP,FALSE,REP,FALSE,no,,party_committee,village,"Village of Massapequa Park, NY",FALSE,high,The name states it is a Republican Party committee and Massapequa Park is an incorporated village in the Town of Oyster Bay in Nassau County,,web-research-2026-08-08,yes,1400,181168,nyboe
KIM KEISERMAN FOR STATE SENATE,DEM,FALSE,,FALSE,yes,side:blank->DEM,candidate,state,New York State,FALSE,high,Kim Keiserman of Port Washington won the Democratic primary for New York State Senate District 7 in Nassau County.,https://theisland360.com/featured/keiserman-wins-democratic-primary-for-new-york-state-senate-district-7/,web-research-2026-08-08,yes,1101,177885,nyboe
FRIENDS OF KEVIN THOMAS FOR SENATE,DEM,FALSE,,FALSE,yes,side:blank->DEM,candidate,state,New York State,FALSE,high,Kevin Thomas is a Democrat who represented New York State Senate District 6 in Nassau County until January 2025.,https://ballotpedia.org/Kevin_Thomas_(New_York),web-research-2026-08-08,yes,656,177740,nyboe
FRIENDS OF JOHN FLANAGAN,REP,FALSE,,FALSE,yes,side:blank->REP,candidate,state,New York State,FALSE,high,John J. Flanagan is a Republican who represented New York's 2nd State Senate district on Long Island and served as Senate Majority Leader from 2015 to 2019.,https://en.wikipedia.org/wiki/John_J._Flanagan,web-research-2026-08-08,yes,606,176325,nyboe
SOUTHAMPTON TOWN DEMOCRATIC COMMITTEE,DEM,FALSE,DEM,FALSE,no,,party_committee,town,"Town of Southampton, NY",FALSE,high,The name states it is the official Democratic Party committee for the Town of Southampton in Suffolk County,,web-research-2026-08-08,yes,1471,175706,nyboe
SEAFORD REPUBLICAN CLUB,REP,FALSE,REP,FALSE,no,,party_committee,town,"Seaford, Town of Hempstead, NY",FALSE,high,Seaford is a hamlet in the Town of Hempstead in Nassau County and this is its local Republican Party club,"https://en.wikipedia.org/wiki/Seaford,_New_York",web-research-2026-08-08,yes,967,171314,nyboe
NORTH MERRICK REPUBLICAN PARTY,REP,FALSE,REP,FALSE,no,,party_committee,town,"North Merrick, Town of Hempstead, NY",FALSE,high,North Merrick is a hamlet in the Town of Hempstead in Nassau County and this is its local Republican Party committee,"https://en.wikipedia.org/wiki/North_Merrick,_New_York",web-research-2026-08-08,yes,961,170033,nyboe
CITIZENS COMMITTEE TO RE-ELECT SENATOR KEN LAVALLE,REP,FALSE,,FALSE,yes,side:blank->REP,candidate,state,New York State,FALSE,high,Kenneth LaValle was the Republican New York State Senator for District 1 in eastern Suffolk County from 1977 until 2021.,https://ballotpedia.org/Kenneth_LaValle,web-research-2026-08-08,yes,760,166581,nyboe
FRIENDS OF NEIL FOLEY,REP,FALSE,,FALSE,yes,side:blank->REP,candidate,town,"Town of Brookhaven, NY",FALSE,high,Neil Foley is the Republican Brookhaven Town Council member for District 5 covering Blue Point and Patchogue,https://messengerpapers.com/2023/11/councilman-neil-foley-for-brookhaven-town-council-district-five/,web-research-2026-08-08,yes,859,165415,nyboe
FRIENDS OF PHIL NOLAN,DEM,FALSE,,FALSE,yes,side:blank->DEM,candidate,town,"Town of Islip, Suffolk County, NY",FALSE,high,Phil Nolan became Islip Town's first Democratic supervisor in four decades when he won in 2007,https://longisland.news12.com/nolan-becomes-islip-towns-first-democratic-supervisor-in-four-decades-34768933,web-research-2026-08-08,yes,580,161040,nyboe
PLUMBERS LOCAL UNION NO1 NYC POLITICAL ACTION COMMITTEE,DEM,TRUE,,TRUE,yes,side:blank->DEM,union_pac,state,New York State,FALSE,high,This is the PAC of UA Plumbers Local Union No 1 a building trades labor union and its itemized giving goes to Democrats such as Rangel for Congress and National Security Democrats PAC,https://projects.propublica.org/itemizer/committee/C00327478/2024,web-research-2026-08-08,yes,6228,159177,nyboe
FRIENDS OF ROSE WALKER,REP,FALSE,,FALSE,yes,side:blank->REP,candidate,county,"Nassau County, NY",FALSE,high,Rose Marie Walker is a Republican who has represented the 17th District of the Nassau County Legislature since being elected in November 2009.,https://patch.com/new-york/hicksville/nassau-county-legislature-candidates-meet-rose-marie-walker,web-research-2026-08-08,yes,1076,159095,nyboe
SMITHTOWN REPUBLICAN VICTORY FUND,REP,FALSE,REP,FALSE,no,,party_committee,town,"Town of Smithtown, NY",FALSE,high,The name identifies it as the Republican Party victory fund for the Town of Smithtown in Suffolk County.,,web-research-2026-08-08,yes,1125,157974,nyboe
ELISSA SLOTKIN FOR MICHIGAN,DEM,FALSE,,FALSE,yes,side:blank->DEM,candidate,federal,United States,FALSE,high,Elissa Slotkin is a Democrat who won the 2024 U.S. Senate race in Michigan and took office January 3 2025.,https://en.wikipedia.org/wiki/Elissa_Slotkin,web-research-2026-08-08,yes,997,156451,fec
SYOSSET WOODBURY REPUBLICAN COMMITTEE,REP,FALSE,REP,FALSE,no,,party_committee,town,"Town of Oyster Bay, NY",FALSE,high,The committee's own name identifies it as the Republican Party organization for Syosset and Woodbury which are hamlets in the Town of Oyster Bay in Nassau County.,,web-research-2026-08-08,yes,815,155709,nyboe
COLIN ALLRED FOR SENATE,DEM,FALSE,,FALSE,yes,side:blank->DEM,candidate,federal,Texas,FALSE,high,Colin Allred is a Democrat and former U.S. Representative from Texas who was the Democratic nominee in the 2024 Texas U.S. Senate election,https://dbpedia.org/data/Colin_Allred.json,web-research-2026-08-08,yes,2108,153908,fec
LAWPAC OF NEW YORK,,FALSE,,FALSE,no,,trade_assoc_pac,state,New York State,FALSE,medium,LawPAC is the political action committee of the New York State Trial Lawyers Association a professional/trade association and reporting on its Albany spending finds the money goes to Republicans and Democrats in both chambers.,https://www.newyorkpersonalinjuryattorneysblog.com/new_york_personal_injury_attor_5/,web-research-2026-08-08,yes,1225,152113,nyboe
SOUTHAMPTON TOWN REPUBLICAN COMMITTEE,REP,FALSE,REP,FALSE,no,,party_committee,town,"Town of Southampton, NY",FALSE,high,The committee's own name identifies it as the Republican Party town committee for Southampton in Suffolk County.,,web-research-2026-08-08,yes,756,143824,nyboe
FRIENDS OF KATE MURRAY,REP,FALSE,,FALSE,yes,side:blank->REP,candidate,town,"Town of Hempstead, NY",FALSE,high,Kate Murray is the Republican Town of Hempstead Town Clerk and served as the Republican Town Supervisor from 2003 to 2015.,"https://en.wikipedia.org/wiki/Hempstead_(town),_New_York",web-research-2026-08-08,yes,661,143087,nyboe
BROOKHAVEN TOWN REPUBLICAN PRE-PRIMARY COMMITTEE,REP,FALSE,REP,FALSE,no,,party_committee,town,"Town of Brookhaven, NY",FALSE,high,The committee's own name identifies it as the Republican Party organization for the Town of Brookhaven in Suffolk County.,,web-research-2026-08-08,yes,837,142230,nyboe
ROSEN FOR NEVADA,DEM,FALSE,,FALSE,yes,side:blank->DEM,candidate,federal,United States,FALSE,high,Jacky Rosen is a Democratic U.S. Senator from Nevada who took office January 3 2019 and was reelected in 2024.,https://ballotpedia.org/Jacky_Rosen,web-research-2026-08-08,yes,1242,141392,fec
FRIENDS OF CHRIS J. COSCHIGNANO,REP,FALSE,,FALSE,yes,side:blank->REP,candidate,multi,"Town of Oyster Bay and Nassau County, NY",FALSE,high,Chris Coschignano was a Town of Oyster Bay councilman whose seat the Oyster Bay Republican Party filled when he did not seek reelection and he is now a Nassau County Family Court judge,https://www.massapequapost.com/?s=Coschignano,web-research-2026-08-08,yes,486,138291,nyboe
FRIENDS OF REGGIE SPINELLO,REP,FALSE,,FALSE,yes,side:blank->REP,candidate,town,"City of Glen Cove, NY",FALSE,high,Reggie Spinello won the Glen Cove mayoralty as a Republican in 2013 and ran again in 2019 on the Republican and Conservative lines with Nassau County Republican Committee backing.,"https://www.liherald.com/stories/former-glen-cove-mayor-enters-bid-to-reclaim-his-seat,112263",web-research-2026-08-08,yes,838,138145,nyboe
JAMES FOR NY 2026,DEM,FALSE,,FALSE,yes,side:blank->DEM,candidate,state,New York State,FALSE,medium,James for NY 2026 is a registered New York committee and Letitia James is the Democratic Attorney General of New York seeking re-election in the 2026 statewide race,https://dbpedia.org/page/Letitia_James,web-research-2026-08-08,yes,3362,136664,nyboe
LONG BEACH DEMOCRATIC COMMITTEE,DEM,FALSE,DEM,FALSE,no,,party_committee,town,"City of Long Beach, Nassau County, NY",FALSE,high,Name states it is the Democratic Party committee for the City of Long Beach in Nassau County,,web-research-2026-08-08,yes,518,136379,nyboe
NORTH SHORE REPUBLICAN CLUB,REP,FALSE,REP,FALSE,no,,party_committee,town,"North Shore, Long Island, NY",FALSE,medium,Name identifies it as a local Republican Party club on Long Island's North Shore though the Nassau GOP club roster does not pin it to a single town,https://nassaucountygop.com/local-clubs-1,web-research-2026-08-08,yes,538,134410,nyboe
EMILYS LIST,DEM,FALSE,,FALSE,yes,side:blank->DEM,ideological_pac,federal,United States,FALSE,high,EMILY's List exclusively funds female Democratic candidates who support abortion rights.,https://en.wikipedia.org/wiki/EMILY's_List,web-research-2026-08-08,yes,809,134119,fec
METLIFE INC. EMPLOYEES' POLITICAL PARTICIPATION FUND A,,FALSE,,FALSE,no,,corporate_pac,multi,United States,FALSE,high,This is FEC committee C00040923 the employee funded corporate PAC of insurer MetLife Inc which reports giving to candidates of both parties in its annual political activities reports,https://www.fec.gov/data/committee/C00040923/,web-research-2026-08-08,yes,2117,131200,nyboe
FRIENDS OF TOM CROCI,REP,FALSE,,FALSE,yes,side:blank->REP,candidate,state,New York State,FALSE,high,Thomas Croci is a Republican who was elected Islip Town Supervisor in 2011 and represented New York State Senate District 3 from 2015 to 2018.,https://en.wikipedia.org/wiki/Thomas_Croci,web-research-2026-08-08,yes,648,129810,nyboe
MASSAPEQUA SOUTH REPUBLICAN CLUB,REP,FALSE,REP,FALSE,no,,party_committee,town,"Town of Oyster Bay, NY",FALSE,high,The Massapequa South Republican Club is listed as an official Nassau County GOP local club in the Town of Oyster Bay,https://nassaucountygop.com/local-clubs-1,web-research-2026-08-08,yes,724,129235,nyboe
INWOOD - NORTH LAWRENCE REPUBLICAN COMMITTEE,REP,FALSE,REP,FALSE,no,,party_committee,town,"Town of Hempstead, NY",FALSE,high,Nassau County GOP lists Inwood and Lawrence Republican clubs and both Inwood and North Lawrence are hamlets in the Town of Hempstead,https://nassaucountygop.com/local-clubs-1,web-research-2026-08-08,yes,703,129134,nyboe
GALLEGO FOR ARIZONA,DEM,FALSE,,FALSE,yes,side:blank->DEM,candidate,federal,Arizona,FALSE,high,Ruben Gallego is the Democrat who beat Kari Lake in the November 2024 Arizona US Senate election,https://en.wikipedia.org/wiki/Ruben_Gallego,web-research-2026-08-08,yes,1319,128825,fec
BAYVILLE-CENTRE ISLAND REPUBLICAN CLUB,REP,FALSE,REP,FALSE,no,,party_committee,village,"Villages of Bayville and Centre Island, Nassau County, NY",FALSE,high,Nassau County GOP lists the Bayville/Centre Island Republican Club among its local clubs in the Town of Oyster Bay,https://nassaucountygop.com/local-clubs-1,web-research-2026-08-08,yes,586,127576,nyboe
FRANKLIN SQUARE REPUBLICAN CLUB,REP,FALSE,REP,FALSE,no,,party_committee,town,"Town of Hempstead, NY",FALSE,high,Nassau County GOP lists the Franklin Square Republican Club in the Town of Hempstead led by Edward P. Ra,https://nassaucountygop.com/local-clubs-1,web-research-2026-08-08,yes,695,126018,nyboe
GINA FOR ASSEMBLY,DEM,FALSE,,FALSE,yes,side:blank->DEM,candidate,state,New York State,FALSE,high,Gina Sillitti is the Democrat who represented New York State Assembly District 16 in Nassau County from 2021 through 2024.,https://en.wikipedia.org/wiki/Gina_Sillitti,web-research-2026-08-08,yes,807,123980,nyboe
SALISBURY REPUBLICAN FINANCE COMMITTEE,REP,FALSE,REP,FALSE,no,,party_committee,town,"Salisbury, Town of Hempstead, NY",FALSE,high,Salisbury formerly South Westbury is a hamlet in the Town of Hempstead in Nassau County and this is the fundraising arm of its Republican committee,"https://en.wikipedia.org/wiki/Salisbury,_Nassau_County,_New_York",web-research-2026-08-08,yes,857,123681,nyboe
SCHIFF FOR SENATE,DEM,FALSE,,FALSE,yes,side:blank->DEM,candidate,federal,California,FALSE,high,Adam Schiff is the Democratic junior United States senator from California seated in December 2024,https://en.wikipedia.org/wiki/Adam_Schiff,web-research-2026-08-08,yes,2046,123141,fec
TAMMY BALDWIN FOR SENATE,DEM,FALSE,,FALSE,yes,side:blank->DEM,candidate,federal,Wisconsin,FALSE,high,Tammy Baldwin is the Democratic U.S. Senator from Wisconsin who took office in 2013.,https://ballotpedia.org/Tammy_Baldwin,web-research-2026-08-08,yes,783,122185,fec
FRIENDS OF JUDY PASCALE,REP,FALSE,,FALSE,yes,side:blank->REP,candidate,county,"Suffolk County, NY",FALSE,high,Judith Pascale was the Suffolk County Clerk and ran as the Republican incumbent in GOP primaries for that office.,https://messengerpapers.com/2022/05/puleo-and-pascale-the-republican-primary-escalates/,web-research-2026-08-08,yes,818,121666,nyboe
FRIENDS OF TIM MAZZEI,REP,FALSE,,FALSE,yes,side:blank->REP,candidate,multi,"Town of Brookhaven and Suffolk County, NY",FALSE,medium,Timothy Mazzei held office as the Republican Brookhaven Town Councilman for the 5th District (R-Blue Point) before resigning in 2014 to run for judge and later winning a cross-endorsed judgeship on the Democratic line.,https://patch.com/new-york/patchogue/mazzei-to-continue-as-5th-district-brookhaven-councilman,web-research-2026-08-08,yes,624,121075,nyboe
TOM SPOTA FOR DISTRICT ATTORNEY,DEM,FALSE,,FALSE,yes,side:blank->DEM,candidate,county,"Suffolk County, NY",FALSE,high,Thomas Spota served as Suffolk County District Attorney from 2002 to 2017 as a Democrat after switching from the Republican party before his 2001 run,https://en.wikipedia.org/wiki/Thomas_Spota,web-research-2026-08-08,yes,902,120316,nyboe
PRAVATO FOR NEW YORK,REP,FALSE,,FALSE,yes,side:blank->REP,candidate,state,New York State,FALSE,high,Jeff Pravato the Massapequa Park mayor was the Republican nominee for New York State Senate District 8 in 2018,https://www.cityandstateny.com/politics/2018/10/jeff-pravato-is-the-gops-great-red-hope-on-long-island/178003/,web-research-2026-08-08,yes,446,119732,nyboe
EAST HAMPTON TOWN REPUBLICAN COMMITTEE (EHTRC),REP,FALSE,REP,FALSE,no,,party_committee,town,"Town of East Hampton, Suffolk County, NY",FALSE,high,Name states it is the official Republican Party town committee for East Hampton in Suffolk County,,web-research-2026-08-08,yes,594,117461,nyboe
GARDEN CITY REPUBLICAN CLUB,REP,FALSE,REP,FALSE,no,,party_committee,village,"Village of Garden City, Nassau County, NY",FALSE,high,Name states it is the Republican political club for the Village of Garden City in Nassau County,,web-research-2026-08-08,yes,496,115335,nyboe
FRIENDS TO ELECT BRIAN CURRAN,REP,FALSE,,FALSE,yes,side:blank->REP,candidate,state,New York State,FALSE,high,Brian F. Curran is the Republican Assemblymember from Lynbrook in New York's 21st Assembly District who traded the seat with Democrat Judy Griffin in 2018 2022 and 2024,https://en.wikipedia.org/wiki/Judy_Griffin,web-research-2026-08-08,yes,875,113032,nyboe
PROGRESSIVE TURNOUT PROJECT,DEM,FALSE,,FALSE,yes,side:blank->DEM,ideological_pac,federal,United States,FALSE,high,Progressive Turnout Project is a Chicago based hybrid PAC whose stated goal is increasing voter turnout for Democratic candidates,https://www.influencewatch.org/political-party/progressive-turnout-project/,web-research-2026-08-08,yes,2918,111348,fec
SCHIMEL FOR ASSEMBLY,DEM,FALSE,,FALSE,yes,side:blank->DEM,candidate,state,New York State,FALSE,high,Michelle Schimel is a Democrat who represented New York State Assembly District 16 covering North Hempstead in Nassau County from 2007 to 2017.,https://ballotpedia.org/Michelle_Schimel,web-research-2026-08-08,yes,603,111044,nyboe
BOB CASEY FOR SENATE INC,DEM,FALSE,,FALSE,yes,side:blank->DEM,candidate,federal,United States,FALSE,high,Bob Casey Jr. served as a Democratic U.S. Senator from Pennsylvania from 2007 to 2025.,https://en.wikipedia.org/wiki/Bob_Casey_Jr.,web-research-2026-08-08,yes,1127,110147,fec
FRIENDS OF ANDREW RAIA,REP,FALSE,,FALSE,yes,side:blank->REP,candidate,multi,"Town of Huntington, NY",FALSE,high,Andrew Raia is a Republican who represented the 12th Assembly District and was elected Huntington Town Clerk in 2019,https://ballotpedia.org/Andrew_Raia,web-research-2026-08-08,yes,690,107645,nyboe
FLORAL PARK BELLEROSE REPUBLICAN COMMITTEE,REP,FALSE,REP,FALSE,no,,party_committee,village,"Villages of Floral Park and Bellerose, Nassau County, NY",FALSE,high,Name states it is the Republican Party committee for the incorporated villages of Floral Park and Bellerose in Nassau County,,web-research-2026-08-08,yes,530,105721,nyboe
LEVITTOWN WEST/FOREST CITY REPUBLICAN COMMITTEE,REP,FALSE,REP,FALSE,no,,party_committee,town,"Town of Hempstead, NY",FALSE,high,The name states it is a Republican Party district committee and Levittown West and Forest City are neighborhoods inside the Town of Hempstead in Nassau County,,web-research-2026-08-08,yes,1517,105333,nyboe
FRIENDS OF STEPHANIE BONTEMPI,REP,FALSE,,FALSE,yes,side:blank->REP,candidate,county,"Suffolk County, NY",FALSE,high,Local news consistently identifies her as Legislator Stephanie Bontempi (R-18th L.D.) of the Suffolk County Legislature with a district office in Huntington,https://tbrnewsmedia.com/?s=Bontempi,web-research-2026-08-08,yes,487,104969,nyboe
JEFFRIES FOR CONGRESS,DEM,FALSE,,FALSE,yes,side:blank->DEM,candidate,federal,New York,FALSE,high,Hakeem Jeffries is the Democratic U.S. Representative for New York's 8th congressional district and House Democratic leader.,https://ballotpedia.org/Hakeem_Jeffries,web-research-2026-08-08,yes,788,102923,fec
VENDITTO FOR STATE SENATE,REP,FALSE,,FALSE,yes,side:blank->REP,candidate,state,New York State,FALSE,high,Michael Venditto was the Republican New York State Senator for District 8 from 2015 to 2016 and also ran on the Conservative line,https://en.wikipedia.org/wiki/Michael_Venditto,web-research-2026-08-08,yes,447,101335,nyboe
ISLIP TOWN CONSERVATIVE EXECUTIVE COMMITTEE,REP,FALSE,,FALSE,yes,side:blank->REP,party_committee,town,"Town of Islip, Suffolk County, NY",FALSE,high,This is the Conservative Party town committee for the Town of Islip and this project folds the NY Conservative Party into REP,https://en.wikipedia.org/wiki/Conservative_Party_of_New_York_State,web-research-2026-08-08,yes,528,100365,nyboe
DEBBIE FOR FLORIDA,DEM,FALSE,,FALSE,yes,side:blank->DEM,candidate,federal,Florida,FALSE,high,DebbieForFlorida.com is the campaign of Democrat Debbie Mucarsel-Powell who ran for US Senate in Florida against Rick Scott in 2024,https://www.fec.gov/data/candidate/S4FL00611/,web-research-2026-08-08,yes,598,100100,fec
FRIENDS OF RICH LAMARCA,REP,FALSE,,FALSE,yes,side:blank->REP,candidate,town,"Town of Oyster Bay, Nassau County, NY",FALSE,high,Richard LaMarca was elected Oyster Bay Town Clerk in 2019 running on the Republican and Conservative lines,https://www.longislandpress.com/2025/08/13/oyster-bay-town-clerk-rich-lamarca/,web-research-2026-08-08,yes,494,100084,nyboe
FRIENDS OF KATHLEEN WALSH,REP,FALSE,,FALSE,yes,side:blank->REP,candidate,town,"Town of Brookhaven, 3rd Council District, Suffolk County, NY",FALSE,medium,"RiverheadLOCAL's Nov 6 2013 election-results article identifies Kathleen Walsh as 'a four-term Republican councilwoman in the Third Council District who lost her party's nomination to LaValle and ran for re-election as a Democrat' (she lost to Kevin LaValle 58-42). TBR News Media independently refers to 'Councilwoman Kathleen Walsh' in Dec 2013 in its Village Times Herald (Brookhaven) edition, confirming the person and coverage area. IMPORTANT CAVEAT: she was a Republican for four terms and only her final 2013 race was on the Democratic line, so REP is the majority-of-career call but the label is genuinely mixed; if the NYSBOE donation rows for this committee are concentrated in 2013 the correct label could be DEM. Second caveat: no NYSBOE filing record was reachable, so the link from the committee name 'FRIENDS OF KATHLEEN WALSH' to this Kathleen Walsh is circumstantial (Long Island donors, ~$99K town-scale candidate committee, nyboe source) rather than documented.",https://riverheadlocal.com/2013/11/06/election-results-assembly-county-and-other-towns/,web-research-2026-08-08,yes,872,99270,nyboe
FRIENDS OF ROB WALKER,REP,FALSE,,FALSE,yes,side:blank->REP,candidate,multi,"Nassau County, NY",FALSE,high,Rob Walker is a Republican who served in the New York State Assembly for the 15th District and then as Nassau County Chief Deputy County Executive,https://en.wikipedia.org/wiki/Rob_Walker_(New_York_politician),web-research-2026-08-08,yes,524,97425,nyboe
FRIENDS OF RALPH SUOZZI,DEM,FALSE,,FALSE,yes,side:blank->DEM,candidate,town,"City of Glen Cove, Nassau County, NY",FALSE,high,Ralph Suozzi ran as the Democratic candidate for Glen Cove mayor and took office in 2006,https://patch.com/new-york/glencove/video-glen-cove-mayor-race-ralph-suozzi,web-research-2026-08-08,yes,575,97188,nyboe
DOCTORS COUNCIL SEIU COPE,DEM,TRUE,,TRUE,yes,side:blank->DEM,union_pac,state,New York State,FALSE,high,Doctors Council SEIU is a labor union of attending physicians that bargains contracts and struck NYC Health + Hospitals facilities and SEIU affiliates give overwhelmingly to Democrats,https://www.doctorscouncil.org/the-organization,web-research-2026-08-08,yes,2541,96528,nyboe
STEVE RHOADS FOR SENATE,REP,FALSE,,FALSE,yes,side:blank->REP,candidate,state,New York State,FALSE,high,Steve Rhoads is the Republican New York State Senator for the 5th District covering Bellmore and Merrick in Nassau County,"https://www.liherald.com/merrick/stories/steve-rhoads-new-state-senator-is-ready-to-deliver-to-bellmore-merrick-constituents,158933",web-research-2026-08-08,yes,506,96014,nyboe
SMITHTOWN DEMOCRATIC TOWN COMMITTEE,DEM,FALSE,DEM,FALSE,no,,party_committee,town,"Town of Smithtown, NY",FALSE,high,The committee's own name identifies it as the Democratic Party town committee for Smithtown in Suffolk County.,,web-research-2026-08-08,yes,787,93809,nyboe
SUFFOLK COUNTY REPUBLICAN WOMEN -SCRW,REP,FALSE,REP,FALSE,no,,party_committee,county,"Suffolk County, NY",FALSE,high,Suffolk County Republican Women is the county GOP women's auxiliary organization listed on the Suffolk County GOP event calendar,https://suffolkgopwomen.com/,web-research-2026-08-08,yes,750,92726,nyboe
VOICE OF TEACHERS FOR EDUC/CMTE ON POL EDUC OF NY STATE UNTD TEACHERS (VOTE/COPE) OF NYSUT,DEM,TRUE,,TRUE,yes,side:blank->DEM,union_pac,federal,United States,FALSE,high,VOTE/COPE is the political action fund of New York State United Teachers a teachers labor union whose endorsements and giving go overwhelmingly to Democrats,https://www.nysut.org/,web-research-2026-08-08,yes,2102,92525,fec
SIELA FOR SENATE,DEM,FALSE,,FALSE,yes,side:blank->DEM,candidate,state,New York State,FALSE,high,Siela Bynoe is a Democratic Nassau County Legislator who won New York State Senate District 6 in 2024 and helped Democrats retain the Senate majority.,https://politicsny.com/2024/11/08/bynoe-helps-dems-retain-ny-state-senate-majority/,web-research-2026-08-08,yes,642,92269,nyboe
ELISE FOR CONGRESS,REP,FALSE,,FALSE,yes,side:blank->REP,candidate,federal,New York,FALSE,high,Elise for Congress is the campaign committee of Republican Rep. Elise Stefanik of New York's 21st district.,https://www.cbsnews.com/newyork/news/elise-stefanik-running-for-new-york-governor/,web-research-2026-08-08,yes,842,92133,fec
FRIENDS OF BOB CREIGHTON,REP,FALSE,,FALSE,yes,side:blank->REP,candidate,town,"Town of Smithtown, NY",FALSE,high,Bob Creighton was a Smithtown Town Councilman who lost the 2013 Republican primary for Smithtown Supervisor to Patrick Vecchio by 74 votes.,https://patch.com/new-york/commack/vecchio-narrowly-wins-gop-nomination_df017f70,web-research-2026-08-08,yes,651,92130,nyboe
FRIENDS OF STEVEN J. FLOTTERON,REP,FALSE,,FALSE,yes,side:blank->REP,candidate,multi,Town of Islip and Suffolk County NY,FALSE,high,Steven Flotteron was elected Islip town councilman in 2005 and has served as the Republican Suffolk County Legislator for the 11th district since November 2017.,https://www.scnylegislature.us/538/About-Steven,web-research-2026-08-08,yes,800,91585,nyboe
FRIENDS OF PATRICIA CANZONERI-FITZPATRICK,REP,FALSE,,FALSE,yes,side:blank->REP,candidate,state,New York State,FALSE,high,Patricia Canzoneri-Fitzpatrick is a Republican who won the Nassau County based 20th NY Assembly district and now serves in the NY State Senate,https://www.nysenate.gov/senators/patricia-canzoneri-fitzpatrick,web-research-2026-08-08,yes,590,91563,nyboe
FRIENDS OF MONICA MARTINEZ,DEM,FALSE,,FALSE,yes,side:blank->DEM,candidate,state,New York State,FALSE,high,Monica R. Martinez is a Democratic New York State Senator representing Suffolk County and is listed by the Suffolk County Democratic Committee,https://suffolkcountydems.com/candidate/monica-martinez,web-research-2026-08-08,yes,526,91028,nyboe
ISLIP TOWN DEMOCRATIC COMMITTEE,DEM,FALSE,DEM,FALSE,no,,party_committee,town,"Town of Islip, NY",FALSE,high,The name itself identifies this as the official Democratic Party committee for the Town of Islip in Suffolk County,,web-research-2026-08-08,yes,965,88544,nyboe
FRIENDS OF KEVIN LAVALLE,REP,FALSE,,FALSE,yes,side:blank->REP,candidate,town,"Town of Brookhaven, Suffolk County, NY",FALSE,high,Kevin LaValle was the Republican and Conservative Party candidate for Brookhaven Town Clerk after serving as a Republican Brookhaven councilman,https://tbrnewsmedia.com/kevin-lavalle-named-republican-conservative-candidate-for-brookhaven-town-clerk/,web-research-2026-08-08,yes,582,87695,nyboe
BETHPAGE REPUBLICAN COMMITTEE,REP,FALSE,REP,FALSE,no,,party_committee,town,"Bethpage, Town of Oyster Bay, NY",FALSE,high,The name states it is the Republican Party committee for the Bethpage hamlet which lies in the Town of Oyster Bay in Nassau County.,,web-research-2026-08-08,yes,661,87433,nyboe
FRIENDS OF JOE SAWICKI,REP,FALSE,,FALSE,yes,side:blank->REP,candidate,county,"Suffolk County, NY",FALSE,high,Joe Sawicki is a Republican who served as Suffolk County Comptroller and earlier as the North Fork's state assemblyman,https://en.wikipedia.org/wiki/Joe_Sawicki,web-research-2026-08-08,yes,538,85190,nyboe
MASON TENDERS DISTRICT COUNCIL OF GREATER NEW YORK & LI PAC,DEM,TRUE,,TRUE,yes,side:blank->DEM,union_pac,federal,United States,FALSE,high,The Mason Tenders District Council of Greater New York and Long Island is a LIUNA affiliated construction labor union that calls itself one of the most progressive labor organizations in the nation and backs Democrats,https://www.masontenders.org/,web-research-2026-08-08,yes,2003,82961,fec
FRIENDS OF TOM DINAPOLI,DEM,FALSE,,FALSE,yes,side:blank->DEM,candidate,state,New York State,FALSE,high,Thomas DiNapoli of Great Neck is the Democratic New York State Comptroller and won the 2026 Democratic primary,https://ballotpedia.org/Thomas_DiNapoli,web-research-2026-08-08,yes,525,82511,nyboe
TEAM SCALISE,REP,FALSE,,FALSE,yes,side:blank->REP,joint_fundraising,federal,United States,FALSE,high,Team Scalise is FEC committee C00750521 a joint fundraising committee for Republican House leader Steve Scalise of Louisiana,https://www.fec.gov/data/committee/C00750521/,web-research-2026-08-08,yes,2444,80929,fec
MASSAPEQUA REPUBLICAN COMMITTEE,REP,FALSE,REP,FALSE,no,,party_committee,town,"Massapequa, Town of Oyster Bay, NY",FALSE,high,The name states it is the Republican Party committee for Massapequa which lies in the Town of Oyster Bay in Nassau County.,,web-research-2026-08-08,yes,649,79715,nyboe
FRIENDS OF MICHAEL FITZPATRICK,REP,FALSE,,FALSE,yes,side:blank->REP,candidate,state,New York State,FALSE,high,Michael J. Fitzpatrick is the Republican New York State Assembly member for the 8th District covering Smithtown in Suffolk County,https://ballotpedia.org/Michael_Fitzpatrick_(New_York),web-research-2026-08-08,yes,508,79665,nyboe
FRIENDS OF KARA HAHN,DEM,FALSE,,FALSE,yes,side:blank->DEM,candidate,county,"Suffolk County, NY",FALSE,high,Kara Hahn is identified as (D-Setauket) and served as Suffolk County Legislator for the 5th Legislative District from 2012 until August 2023,https://tbrnewsmedia.com/?s=Kara+Hahn,web-research-2026-08-08,yes,461,76201,nyboe
SARAH ANKER FOR NYS SENATE,DEM,FALSE,,FALSE,yes,side:blank->DEM,candidate,state,New York State,FALSE,high,Sarah Anker is a Democratic former Suffolk County Legislator who challenged Republican Anthony Palumbo for the 1st State Senate District in 2024,https://riverheadlocal.com/2024/02/07/former-suffolk-legislator-sarah-anker-to-challenge-anthony-palumbo-in-first-senate-district/,web-research-2026-08-08,yes,670,75210,nyboe
FRIENDS OF STEVE ENGLEBRIGHT,DEM,FALSE,,FALSE,yes,side:blank->DEM,candidate,multi,"New York State and Suffolk County, NY",FALSE,high,Steve Englebright is a Democrat who represented Assembly District 4 from 1992 to 2022 and was elected to the Suffolk County Legislature 5th District in 2023,https://en.wikipedia.org/wiki/Steve_Englebright,web-research-2026-08-08,yes,455,74367,nyboe
RIVERHEAD REPUBLICAN COMMITTEE,REP,FALSE,REP,FALSE,no,,party_committee,town,"Town of Riverhead, NY",FALSE,high,Name states it is the Republican Party town committee for the Town of Riverhead in Suffolk County and src=nyboe confirms a NY local filer,,web-research-2026-08-08,yes,536,73842,nyboe
ELISE FOR GOVERNOR,REP,FALSE,,FALSE,yes,side:blank->REP,candidate,state,New York State,FALSE,high,Republican Rep. Elise Stefanik announced her 2026 campaign for New York governor in November 2025.,https://www.cbsnews.com/newyork/news/elise-stefanik-running-for-new-york-governor/,web-research-2026-08-08,yes,794,73742,nyboe
FRIENDS FOR DAVE MCDONOUGH,REP,FALSE,,FALSE,yes,side:blank->REP,candidate,state,New York State,FALSE,high,David McDonough is a Republican who represented New York State Assembly District 14 in Nassau County and previously District 19.,https://ballotpedia.org/David_McDonough,web-research-2026-08-08,yes,635,70435,nyboe
FRIENDS OF ROB CALARCO,DEM,FALSE,,FALSE,yes,side:blank->DEM,candidate,county,"Suffolk County, NY",FALSE,high,Rob Calarco was the Democratic Suffolk County Legislator for the 7th District and became Presiding Officer in January 2020.,https://www.wshu.org/news/2020-01-08/calarco-succeeds-gregory-as-presiding-officer-of-suffolk-county-legislature,web-research-2026-08-08,yes,662,70375,nyboe
BALDWIN REPUBLICAN COMMITTEE,REP,FALSE,REP,FALSE,no,,party_committee,town,"Baldwin, Town of Hempstead, NY",FALSE,high,The name states it is the Republican Party committee for Baldwin which lies in the Town of Hempstead in Nassau County.,,web-research-2026-08-08,yes,605,70158,nyboe
FRIENDS OF GLENDA JACKSON,,FALSE,,FALSE,no,,candidate,county,"Nassau County, NY (locality unverified)",FALSE,low,Repeated searches of Ballotpedia Long Island news outlets and Nassau/Suffolk officeholder rosters found no New York Glenda Jackson so the office and party could not be established,,web-research-2026-08-08,yes,533,69713,nyboe
FRIENDS OF TOM MURATORE,REP,FALSE,,FALSE,yes,side:blank->REP,candidate,county,"Suffolk County, NY",FALSE,high,TBR News Media identifies Tom Muratore as the Republican Suffolk County Legislator from Ronkonkoma who served ten years and died in September 2020,https://tbrnewsmedia.com/?s=Muratore,web-research-2026-08-08,yes,492,69345,nyboe
FRIENDS OF DAVE MCCORMICK,REP,FALSE,,FALSE,yes,side:blank->REP,candidate,federal,Pennsylvania,FALSE,high,Dave McCormick is the Republican U.S. Senator from Pennsylvania who has served since 2025.,https://en.wikipedia.org/wiki/Dave_McCormick,web-research-2026-08-08,yes,777,67730,fec
ZELDIN ESPOSITO 2022,REP,FALSE,,FALSE,yes,side:blank->REP,candidate,state,New York State,FALSE,high,Lee Zeldin and Alison Esposito were the 2022 Republican nominees for New York governor and lieutenant governor,https://en.wikipedia.org/wiki/2022_New_York_gubernatorial_election,web-research-2026-08-08,yes,490,67669,nyboe
MOVEON.ORG POLITICAL ACTION,DEM,FALSE,,FALSE,yes,side:blank->DEM,ideological_pac,federal,United States,FALSE,high,MoveOn.org Political Action is MoveOn's federal PAC and has raised millions of dollars for Democratic candidates since 1998,https://en.wikipedia.org/wiki/MoveOn,web-research-2026-08-08,yes,1646,67155,fec
ROCKVILLE CENTRE REPUBLICAN COMMITTEEMEN'S COUNCIL,REP,FALSE,REP,FALSE,no,,party_committee,village,"Village of Rockville Centre, NY",FALSE,high,The committee name states it is the council of Republican committeemen of Rockville Centre which is an incorporated village in the Town of Hempstead in Nassau County,,web-research-2026-08-08,yes,458,66097,nyboe
J.P. MORGAN CHASE & CO. STATE AND FEDERAL POLITICAL ACTION COMMITTEE,,FALSE,,FALSE,no,,corporate_pac,multi,New York State,FALSE,high,This is the connected corporate PAC of JPMorgan Chase covering both state and federal accounts and large bank PACs split giving between both parties,,web-research-2026-08-08,yes,1368,65999,nyboe
FRIENDS OF ELLEN BIRNBAUM,DEM,FALSE,,FALSE,yes,side:blank->DEM,candidate,county,"Nassau County, NY",FALSE,high,Ellen Birnbaum is a Nassau County Legislator from Great Neck listed as an elected official of the Nassau County Democratic Committee,https://nassaucountydems.ngpvanhost.com/elected-officials/hon-ellen-birnbaum,web-research-2026-08-08,yes,493,65943,nyboe
NEW YORK LIFE INSURANCE COMPANY POLITICAL ACTION COMMITTEE,,FALSE,,FALSE,no,,corporate_pac,federal,United States,FALSE,high,FEC lists C00158881 as a corporate PAC connected to New York Life Insurance Company which gives to both parties,https://www.fec.gov/data/committee/C00158881/,web-research-2026-08-08,yes,673,65625,fec
FREINDS OF MARSHA SILVERMAN,DEM,FALSE,,FALSE,yes,side:blank->DEM,candidate,town,"City of Glen Cove, Nassau County, NY",FALSE,high,Marsha Silverman is a Glen Cove City Councilwoman listed by the City of Glen Cove Democratic Committee and later ran for mayor as a Democrat,https://www.glencovedems.org/marsha-silverman.html,web-research-2026-08-08,yes,500,65586,nyboe
FRIENDS OF MICHAEL DURSO,REP,FALSE,,FALSE,yes,side:blank->REP,candidate,state,New York State,FALSE,high,Michael Durso is a Republican member of the New York State Assembly representing District 9 in the Massapequa area since 2021,https://ballotpedia.org/Michael_Durso,web-research-2026-08-08,yes,461,65279,nyboe
FRIENDS OF JANE BONNER,REP,FALSE,,FALSE,yes,side:blank->REP,candidate,town,"Town of Brookhaven, Suffolk County, NY",FALSE,high,Jane Bonner is listed on the Brookhaven Town Republican Committee team page as the councilwoman for the 2nd Council District,https://www.brookhavenrepublicans.com/team,web-research-2026-08-08,yes,494,63878,nyboe
SEA CLIFF REPUBLICAN CLUB INC.,REP,FALSE,REP,FALSE,no,,party_committee,village,"Village of Sea Cliff, NY",FALSE,high,The Sea Cliff Republican Club is listed as an official local club of the Nassau County Republican Committee in the Town of Oyster Bay,https://nassaucountygop.com/local-clubs-1,web-research-2026-08-08,yes,737,61555,nyboe
LYNBROOK REPUBLICAN CLUB,REP,FALSE,REP,FALSE,no,,party_committee,village,"Village of Lynbrook, NY",FALSE,high,The committee name states it is the Republican club of Lynbrook which is an incorporated village in the Town of Hempstead in Nassau County,,web-research-2026-08-08,yes,456,61453,nyboe
DEMOCRATIC ACTION,DEM,FALSE,DEM,FALSE,no,,ideological_pac,federal,United States,FALSE,medium,FEC committee C00562983 DEMOCRATIC ACTION is a non-connected nonqualified PAC with no corporate or union sponsor that raises small-dollar money for Democrats,https://www.fec.gov/data/committee/C00562983/,web-research-2026-08-08,yes,1585,60728,fec+nyboe
CRAIG FOR NEW YORK,DEM,FALSE,,FALSE,yes,side:blank->DEM,candidate,state,New York State,FALSE,medium,CraigForNewYork.com is the campaign site of Democrat Craig Herskowitz of Northport who ran for NY Senate District 2 and NY State Assembly,https://northportjournal.com/people/raised-in-northport-democratic-candidate-craig-herskowitz-to-make-a-run-for-congress,web-research-2026-08-08,yes,565,60281,nyboe
LEVITTOWN NORTH ISLAND TREES REPUBLICAN COMMITTEE,REP,FALSE,REP,FALSE,no,,party_committee,town,"Levittown, Town of Hempstead, Nassau County, NY",FALSE,medium,Nassau County GOP lists a North Levittown Republican Club among its Town of Hempstead clubs and Island Trees is the north Levittown school district area,https://nassaucountygop.com/local-clubs-1,web-research-2026-08-08,yes,564,59527,nyboe
DEMOCRAT REPUBLICAN INDEPENDENT VOTER EDUCATION,DEM,TRUE,,FALSE,yes,side:blank->DEM;labor:False->True,union_pac,multi,United States,FALSE,medium,DRIVE is the acronym for Democrat Republican Independent Voter Education which is the political action fund of the International Brotherhood of Teamsters and its giving has historically favored Democrats,https://en.wikipedia.org/wiki/International_Brotherhood_of_Teamsters,web-research-2026-08-08,yes,2429,59408,nyboe
FRANKLIN SQ. EAST THEODORE ROOSEVELT REPUBLICAN COMMITTEE,REP,FALSE,REP,FALSE,no,,party_committee,town,"Town of Hempstead, NY",FALSE,high,The committee name states it is a Republican committee in eastern Franklin Square which is a hamlet in the Town of Hempstead in Nassau County,,web-research-2026-08-08,yes,447,59157,nyboe
FRIENDS OF VINCENT PULEO,REP,FALSE,,FALSE,yes,side:blank->REP,candidate,county,"Suffolk County, NY",FALSE,high,Vincent Puleo won the Republican and Conservative nominations for Suffolk County Clerk in 2022 beating incumbent Judy Pascale in the GOP primary after 17 years as Smithtown Town Clerk,https://tbrnewsmedia.com/?s=Vincent+Puleo,web-research-2026-08-08,yes,491,59125,nyboe
SYOSSET-WOODBURY REPUBLICAN CLUB,REP,FALSE,REP,FALSE,no,,party_committee,town,"Town of Oyster Bay, NY",FALSE,high,The name identifies it as a local Republican club and Syosset and Woodbury are hamlets within the Town of Oyster Bay in Nassau County.,"https://en.wikipedia.org/wiki/Woodbury,_Nassau_County,_New_York",web-research-2026-08-08,yes,1052,57804,nyboe
STATE CONSERVATIVE CAMPAIGN COMMITTEE,REP,FALSE,,FALSE,yes,side:blank->REP,party_committee,state,New York State,FALSE,high,This is the state campaign committee of the Conservative Party of New York State which cross-endorses Republicans such as Lee Zeldin and George Pataki so it folds to REP under the project fusion rule,https://www.cpnys.org/,web-research-2026-08-08,yes,485,57249,nyboe
PHARMACY PAC OF NEW YORK STATE,,FALSE,,FALSE,no,,trade_assoc_pac,state,New York State,FALSE,high,RxPAC is the NY BOE registered PAC of the Pharmacists Society of the State of New York a professional association that gives to statewide Senate and Assembly candidates of both parties,https://newyorkrxpac.org/campaign,web-research-2026-08-08,yes,544,56435,nyboe
EAST NORWICH MUTTONTOWN THE BROOKVILLES AND NORTH JERICHO REPUBLICAN COMMITTEE,REP,FALSE,REP,FALSE,no,,party_committee,village,"East Norwich Muttontown Brookville and North Jericho in the Town of Oyster Bay, Nassau County, NY",FALSE,high,Name states it is the Republican Party committee for the East Norwich Muttontown Brookville and North Jericho communities in the Town of Oyster Bay,,web-research-2026-08-08,yes,501,55155,nyboe
WANTAGH GOP VICTORY COMMITTEE,REP,FALSE,REP,FALSE,no,,party_committee,town,"Wantagh, Town of Hempstead, NY",FALSE,high,The name identifies it as a GOP committee for Wantagh which lies in the Town of Hempstead in Nassau County.,,web-research-2026-08-08,yes,646,53771,nyboe
PROGRESSIVE TAKEOVER,DEM,FALSE,,FALSE,yes,side:blank->DEM,ideological_pac,federal,United States,FALSE,high,Progressive Takeover is FEC committee C00659599 founded in 2017 to elect left-wing Democrats and it is funded by small-dollar ActBlue donations,https://www.influencewatch.org/political-party/progressive-takeover/,web-research-2026-08-08,yes,1310,52649,fec
TEAM ELISE,REP,FALSE,,FALSE,yes,side:blank->REP,joint_fundraising,federal,United States,FALSE,medium,Campaign Legal Center identifies Team Elise as the joint fundraising committee of Republican Rep. Elise Stefanik of New York,https://campaignlegal.org/document/clc-alleges-elise-stefaniks-fundraising-committee-misreported-disbursements-winred,web-research-2026-08-08,yes,1676,52477,fec
COMMITTEE TO ELECT WEISENBERG,DEM,FALSE,,FALSE,yes,side:blank->DEM,candidate,state,New York State,FALSE,high,Harvey Weisenberg was the Democratic member of the New York State Assembly for the 20th district covering Long Beach and Island Park from 1989 to 2014,https://en.wikipedia.org/wiki/Harvey_Weisenberg,web-research-2026-08-08,yes,545,51830,nyboe
FRIENDS OF CHRISTINE PELLEGRINO,DEM,FALSE,,FALSE,yes,side:blank->DEM,candidate,state,New York State,FALSE,high,Christine Pellegrino is a Democrat who won the May 2017 special election for New York State Assembly District 9 and served until January 2019,https://en.wikipedia.org/wiki/Christine_Pellegrino,web-research-2026-08-08,yes,478,51487,nyboe
STOP REPUBLICANS,DEM,FALSE,,FALSE,yes,side:blank->DEM,ideological_pac,federal,United States,FALSE,high,Stop Republicans is FEC committee C00633404 and operates as a sub-organization housed within the Democratic aligned Progressive Turnout Project in Chicago,https://nickgray.net/stop-republicans/,web-research-2026-08-08,yes,1690,47659,fec
TIM SHEEHY FOR MONTANA,REP,FALSE,,FALSE,yes,side:blank->REP,candidate,federal,Montana,FALSE,high,Tim Sheehy is the Republican who won Montana's U.S. Senate seat in 2024 and took office on January 3 2025.,https://ballotpedia.org/Tim_Sheehy,web-research-2026-08-08,yes,613,46392,fec
KEVIN MCCARTHY FOR CONGRESS,REP,FALSE,,FALSE,yes,side:blank->REP,candidate,federal,United States,FALSE,high,Kevin McCarthy is the Republican former Speaker of the U.S. House who represented California's 20th district until December 2023,https://en.wikipedia.org/wiki/Kevin_McCarthy,web-research-2026-08-08,yes,986,45646,fec
SAM BROWN FOR NEVADA,REP,FALSE,,FALSE,yes,side:blank->REP,candidate,federal,Nevada,FALSE,high,Sam Brown is the Republican who ran for U.S. Senate in Nevada in 2024 and lost to Democrat Jacky Rosen,https://ballotpedia.org/Sam_Brown_(Nevada),web-research-2026-08-08,yes,683,43716,fec
BLACKBURN TENNESSEE VICTORY FUND,REP,FALSE,,FALSE,yes,side:blank->REP,joint_fundraising,federal,Tennessee,FALSE,high,Marsha Blackburn is the Republican United States senator from Tennessee and this is the victory fund joint fundraising vehicle carrying her name,https://en.wikipedia.org/wiki/Marsha_Blackburn,web-research-2026-08-08,yes,1969,43354,fec
BOILERMAKERS LOCAL 5 PAC,,TRUE,,TRUE,no,,union_pac,state,New York State,FALSE,medium,Boilermakers Local 5 is a building-trades union local whose only documented recent congressional endorsement went to Republican Rep. Mike Lawler so its giving is not reliably Democratic.,https://ballotpedia.org/Endorsements_by_Boilermakers_Local_5,web-research-2026-08-08,yes,799,42265,nyboe
CONSOLIDATED EDISON INC EMPLOYEES POLITICAL ACTION COMMITTEE,,FALSE,,FALSE,no,,corporate_pac,state,New York State,FALSE,high,The name identifies it as the employee-funded corporate PAC of the investor-owned utility Consolidated Edison Inc rather than a union or party committee,,web-research-2026-08-08,yes,445,41751,nyboe
FRIENDS OF KEN ROTHWELL,REP,FALSE,,FALSE,yes,side:blank->REP,candidate,town,"Town of Riverhead, NY",FALSE,high,Kenneth Rothwell is a Riverhead town councilman who was nominated by the Riverhead Republican Committee for town supervisor,https://riverheadlocal.com/2026/02/05/republicans-tap-rothwell-for-supervisor/,web-research-2026-08-08,yes,459,40241,nyboe
KARI LAKE FOR SENATE,REP,FALSE,,FALSE,yes,side:blank->REP,candidate,federal,Arizona,FALSE,high,Kari Lake is the Republican who ran for U.S. Senate in Arizona in 2024 and lost to the Democratic winner,https://ballotpedia.org/Kari_Lake,web-research-2026-08-08,yes,705,40025,fec
EAST PLAINVIEW-OLD BETHPAGE REPUBLICAN COMMITTEE,REP,FALSE,REP,FALSE,no,,party_committee,town,"Town of Oyster Bay, NY",FALSE,high,The committee name states it is the Republican committee for the Plainview and Old Bethpage hamlets which sit in the Town of Oyster Bay in Nassau County,,web-research-2026-08-08,yes,452,37309,nyboe
END CITIZENS UNITED,DEM,FALSE,,FALSE,yes,side:blank->DEM,ideological_pac,federal,United States,FALSE,high,End Citizens United is a campaign finance reform PAC that exclusively endorses and funds Democratic candidates such as Elizabeth Warren and Jon Ossoff,https://en.wikipedia.org/wiki/End_Citizens_United,web-research-2026-08-08,yes,863,36432,fec
COMMUNICATIONS WORKERS OF AMERICA - COPE POLITICAL CONTRIBUTIONS COMMITTEE,DEM,TRUE,,TRUE,yes,side:blank->DEM,union_pac,federal,United States,FALSE,high,CWA-COPE is the separate segregated fund of the Communications Workers of America labor union and its federal giving goes overwhelmingly to Democrats,https://www.fec.gov/data/committee/C00040980/,web-research-2026-08-08,yes,3738,33192,fec
MIKE JOHNSON FOR LOUISIANA,REP,FALSE,,FALSE,yes,side:blank->REP,candidate,federal,United States,FALSE,high,Mike Johnson is the Republican Speaker of the U.S. House representing Louisiana's 4th congressional district,https://en.wikipedia.org/wiki/Mike_Johnson,web-research-2026-08-08,yes,892,33160,fec
TIM SCOTT FOR AMERICA,REP,FALSE,,FALSE,yes,side:blank->REP,candidate,federal,United States,FALSE,high,Tim Scott is the Republican U.S. Senator from South Carolina who ran for the 2024 Republican presidential nomination.,https://en.wikipedia.org/wiki/Tim_Scott,web-research-2026-08-08,yes,659,32207,fec
CONGRESSIONAL BLACK CAUCUS PAC,DEM,FALSE,,FALSE,yes,side:blank->DEM,ideological_pac,federal,United States,FALSE,high,CBC PAC backs Democratic members of Congress such as Michael Capuano and Eliot Engel and nearly all Congressional Black Caucus members are Democrats,https://en.wikipedia.org/wiki/Congressional_Black_Caucus,web-research-2026-08-08,yes,541,31533,fec
CITIGROUP INC PAC-STATE,,FALSE,,FALSE,no,,corporate_pac,state,New York State,FALSE,medium,Citigroup Inc is a financial services corporation and PAC-State is its non-federal corporate PAC account registered for state level giving to both parties,,web-research-2026-08-08,yes,1839,30657,nyboe
HEARTLAND PATRIOTS,DEM,FALSE,,FALSE,yes,side:blank->DEM,ideological_pac,federal,United States,FALSE,high,Democrat Lucas Kunce converted his 2024 Missouri U.S. Senate campaign committee into the Heartland Patriots hybrid PAC in December 2024.,https://www.kcur.org/politics-elections-and-government/2024-12-18/after-losing-u-s-senate-race-lucas-kunce-converts-campaign-fund-into-heartland-patriots-pac,web-research-2026-08-08,yes,663,30059,fec
NEW YORK STATE FARM ASSOCIATES POLITICAL ACTION COMMITTEE (NY SFA PAC),,FALSE,,FALSE,no,,trade_assoc_pac,state,New York State,FALSE,high,The PAC says it was formed by State Farm insurance agents and describes itself as a bipartisan PAC engaging legislators of all political affiliations,https://nysfapac.com/About-us.php,web-research-2026-08-08,yes,468,29875,nyboe
STOP THESE OPPRESSIVE PEOPLE: TYRANTS RACISTS UNQUALIFIEDS MISOGYNISTS PROPAGANDISTS (STOP TRUMP),DEM,FALSE,,FALSE,yes,side:blank->DEM,ideological_pac,federal,United States,FALSE,medium,The committee name is an acrostic spelling STOP TRUMP that brands Trump and his allies as tyrants racists and misogynists which is anti-Republican messaging,,web-research-2026-08-08,yes,565,29464,fec
ELI CRANE FOR CONGRESS,REP,FALSE,,FALSE,yes,side:blank->REP,candidate,federal,United States,FALSE,high,Eli Crane is a Republican member of the U.S. House representing Arizona's 2nd Congressional District.,https://ballotpedia.org/Eli_Crane,web-research-2026-08-08,yes,1086,28620,fec
NASRCC POLITICAL EDUCATION COMMITTEE - NYS PAC,DEM,TRUE,,FALSE,yes,side:blank->DEM;labor:False->True,union_pac,state,New York State,FALSE,low,"NASRCC is the North Atlantic States Regional Council of Carpenters, a building trades labor union. Its 2022 New York endorsement slate was 75 Democrats to 33 Republicans (69%/31%), with the Republican endorsements concentrated in Long Island Assembly races.",https://www.nasrcc.org/endorseny2022/,web-research-2026-08-08,yes,1669,24294,nyboe
AMERIPAC: THE FUND FOR A GREATER AMERICA,DEM,FALSE,,FALSE,yes,side:blank->DEM,leadership_pac,federal,United States,FALSE,medium,AmeriPAC: The Fund for a Greater America is the long-running leadership PAC of House Democratic Leader Steny Hoyer (D-MD) which funds Democratic candidates,https://en.wikipedia.org/wiki/Steny_Hoyer,web-research-2026-08-08,yes,551,23901,fec
RUBIO VICTORY COMMITTEE,REP,FALSE,,FALSE,yes,side:blank->REP,joint_fundraising,federal,Florida,FALSE,high,FEC lists C00494617 as a joint fundraising committee whose participants are Marco Rubio for Senate and the NRSC and the Republican Party of Florida,https://www.fec.gov/data/committee/C00494617/,web-research-2026-08-08,yes,704,23282,fec
IBEW NEW YORK STATE PAC - INTERNATIONAL BROTHERHOOD OF ELECTRICAL WORKERS,DEM,TRUE,,TRUE,yes,side:blank->DEM,union_pac,state,New York State,FALSE,high,The International Brotherhood of Electrical Workers is a labor union and its tracked candidate endorsements go to Democrats.,https://ballotpedia.org/Endorsements_by_The_International_Brotherhood_of_Electrical_Workers,web-research-2026-08-08,yes,789,22329,nyboe
ELECT DEMOCRATIC WOMEN,DEM,FALSE,DEM,FALSE,no,,ideological_pac,federal,United States,FALSE,high,Elect Democratic Women was founded in 2018 by seven Democratic congresswomen led by Rep. Lois Frankel to elect Democratic women to the US House,https://www.influencewatch.org/political-party/elect-democratic-women/,web-research-2026-08-08,yes,494,22150,fec
NDTC,DEM,FALSE,,FALSE,yes,side:blank->DEM,ideological_pac,federal,United States,FALSE,high,NDTC is the FEC-registered National Democratic Training Committee (C00603084) which trains Democratic candidates at traindemocrats.org,https://www.fec.gov/data/committee/C00603084/,web-research-2026-08-08,yes,592,22125,fec
"WARREN FOR SENATE, INC.",DEM,FALSE,,FALSE,yes,side:blank->DEM,candidate,federal,Massachusetts,FALSE,high,Elizabeth Warren's official campaign website carries the disclaimer Paid for by Warren for Senate and she is the Democratic US Senator from Massachusetts,https://elizabethwarren.com/,web-research-2026-08-08,yes,457,21204,fec
NANCY PELOSI FOR CONGRESS,DEM,FALSE,,FALSE,yes,side:blank->DEM,candidate,federal,California,FALSE,high,Nancy Pelosi is a Democrat representing a San Francisco district and served as Democratic Speaker of the House,https://en.wikipedia.org/wiki/Nancy_Pelosi,web-research-2026-08-08,yes,739,20728,fec
ALEXANDRIA OCASIO-CORTEZ FOR CONGRESS,DEM,FALSE,,FALSE,yes,side:blank->DEM,candidate,federal,New York,FALSE,high,Alexandria Ocasio-Cortez is a Democrat representing New York's 14th congressional district since 2019,https://en.wikipedia.org/wiki/Alexandria_Ocasio-Cortez,web-research-2026-08-08,yes,743,20485,fec
USWU IUJAT - POLITICAL ACTION COMMITTEE,,TRUE,,FALSE,yes,labor:False->True,union_pac,state,New York State,FALSE,medium,USWU is the United Service Workers Union an IUJAT-affiliated labor union whose COPE fund states it is proudly bi-partisan with strong working relationships with both Republican and Democratic state and local politicians,https://www.iujat.org/uswu/political-action,web-research-2026-08-08,yes,917,20097,nyboe
CYNTHIA FOR NEW YORK,DEM,FALSE,,FALSE,yes,side:blank->DEM,candidate,state,New York State,FALSE,high,Cynthia Nixon ran in the 2018 Democratic primary for Governor of New York against Andrew Cuomo and was also the Working Families Party nominee,https://en.wikipedia.org/wiki/Cynthia_Nixon,web-research-2026-08-08,yes,536,19866,nyboe
VAN ORDEN FOR CONGRESS,REP,FALSE,,FALSE,yes,side:blank->REP,candidate,federal,United States,FALSE,high,Derrick Van Orden is a Republican who has represented Wisconsin's 3rd Congressional District since 2023.,https://en.wikipedia.org/wiki/Derrick_Van_Orden,web-research-2026-08-08,yes,1030,19671,fec
LET AMERICA VOTE PAC,DEM,FALSE,,FALSE,yes,side:blank->DEM,ideological_pac,federal,United States,FALSE,high,Let America Vote was founded in 2017 by Democrat Jason Kander to fight voter suppression and merged with the Democratic-aligned End Citizens United in 2020,https://en.wikipedia.org/wiki/Let_America_Vote,web-research-2026-08-08,yes,535,19523,fec
YOUNG KIM FOR CONGRESS,REP,FALSE,,FALSE,yes,side:blank->REP,candidate,federal,California,FALSE,high,Young Kim is a Republican U.S. Representative for California's 40th congressional district,https://en.wikipedia.org/wiki/Young_Kim,web-research-2026-08-08,yes,720,19291,fec
MAYRA FLORES FOR CONGRESS,REP,FALSE,,FALSE,yes,side:blank->REP,candidate,federal,Texas,FALSE,high,Mayra Flores is a Republican who won the 2022 special election in Texas's 34th congressional district and has run there since,https://en.wikipedia.org/wiki/Mayra_Flores,web-research-2026-08-08,yes,448,19224,fec
NEW YORK STATE RIFLE AND PISTOL ASSOC POLITICAL VICTORY FUND NYSRPA-PVF,REP,FALSE,,FALSE,yes,side:blank->REP,ideological_pac,state,New York State,FALSE,high,NYSRPA is the official NRA-affiliated New York state association and its Political Victory Fund backs Second Amendment candidates who in New York are almost entirely Republican or Conservative,https://www.nysrpa.org/,web-research-2026-08-08,yes,518,18109,nyboe
CHC BOLD PAC,DEM,FALSE,,FALSE,yes,side:blank->DEM,ideological_pac,federal,United States,FALSE,high,CHC BOLD PAC is the fundraising arm of the Congressional Hispanic Caucus and describes itself as a Democratic PAC backing Hispanic Democratic candidates,https://ballotpedia.org/CHC_Bold_PAC,web-research-2026-08-08,yes,698,18107,fec
VERIZON COMMUNICATIONS INC. GOOD GOVERNMENT CLUB - NEW YORK,,FALSE,,FALSE,no,,corporate_pac,state,New York State,FALSE,high,This is the New York State employee PAC of Verizon Communications and telecom corporate PACs fund incumbents in both parties,,web-research-2026-08-08,yes,1412,17765,nyboe
ZINKE FOR CONGRESS,REP,FALSE,,FALSE,yes,side:blank->REP,candidate,federal,Montana,FALSE,high,Ryan Zinke is the Republican U.S. Representative for Montana's 1st congressional district.,https://ballotpedia.org/Ryan_Zinke,web-research-2026-08-08,yes,839,17646,fec
TEAM EMMER,REP,FALSE,,FALSE,yes,side:blank->REP,joint_fundraising,federal,United States,FALSE,high,FEC committee C00836403 TEAM EMMER is a joint fundraising committee for Republican Rep. Tom Emmer of Minnesota whose participants include his leadership PAC Electing Majority Making Effective Republicans,https://www.fec.gov/data/committee/C00836403/,web-research-2026-08-08,yes,902,15851,fec
TEXANS FOR RONNY JACKSON,REP,FALSE,,FALSE,yes,side:blank->REP,candidate,federal,Texas,FALSE,high,Ronny Jackson is the Republican US Representative for Texas's 13th congressional district serving since 2021,https://en.wikipedia.org/wiki/Ronny_Jackson,web-research-2026-08-08,yes,485,15364,fec
"RON JOHNSON FOR SENATE, INC.",REP,FALSE,,FALSE,yes,side:blank->REP,candidate,federal,Wisconsin,FALSE,high,Ron Johnson is the Republican United States Senator from Wisconsin holding the seat since 2011,https://en.wikipedia.org/wiki/Ron_Johnson_(Wisconsin_politician),web-research-2026-08-08,yes,484,14591,fec
JAKE ELLZEY FOR CONGRESS,REP,FALSE,,FALSE,yes,side:blank->REP,candidate,federal,Texas,FALSE,high,Jake Ellzey is the Republican U.S. Representative for Texas's 6th congressional district since 2021.,https://en.wikipedia.org/wiki/Jake_Ellzey,web-research-2026-08-08,yes,776,14333,fec
VPP,DEM,FALSE,,FALSE,yes,side:blank->DEM,ideological_pac,federal,United States,FALSE,medium,VPP is the Voter Protection Project a political action committee founded by Democrat Andrew Janz that directs all of its expenditures to Democratic candidates,https://www.influencewatch.org/political-party/voter-protection-project/,web-research-2026-08-08,yes,492,14164,fec
ROGERS FOR SENATE,REP,FALSE,,FALSE,yes,side:blank->REP,candidate,federal,Michigan,FALSE,high,FEC committee ROGERS FOR SENATE (C00849810) is the campaign of Republican Michael J Rogers running for US Senate in Michigan,https://www.fec.gov/data/committee/C00849810/,web-research-2026-08-08,yes,567,13849,fec
NATIONWIDE NEW YORK POLITICAL PARTICIPATION COMMITTEE,,FALSE,,FALSE,no,,corporate_pac,state,New York State,FALSE,medium,Nationwide Mutual Insurance Company sponsors state 'Political Participation Committee' PACs that give to both Democratic and Republican officeholders.,https://www.transparencyusa.org/oh/committee/nationwide-mutual-insurance-company-political-participation-committee-1138-pac,web-research-2026-08-08,yes,664,13161,nyboe
MONICA FOR CONGRESS,REP,FALSE,,FALSE,yes,side:blank->REP,candidate,federal,Texas's 15th Congressional District,FALSE,high,FEC lists MONICA FOR CONGRESS (C00765719) as the principal campaign committee of Republican Monica De La Cruz of Texas district 15,https://www.fec.gov/data/committee/C00765719/,web-research-2026-08-08,yes,601,12233,fec
BANK OF AMERICA NEW YORK POLITICAL ACTION COMMITTEE,,FALSE,,FALSE,no,,corporate_pac,state,New York State,FALSE,high,The name identifies this as the New York state corporate PAC of Bank of America Corporation which is an employer PAC rather than a labor or party committee and gives to both parties,,web-research-2026-08-08,yes,980,12077,nyboe
FRIENDS OF BERNIE SANDERS,DEM,FALSE,,FALSE,yes,side:blank->DEM,candidate,federal,Vermont,FALSE,high,Bernie Sanders runs for Senate as an independent but caucuses with Senate Democrats and sought the Democratic presidential nomination in 2016 and 2020,https://en.wikipedia.org/wiki/Bernie_Sanders,web-research-2026-08-08,yes,675,11859,fec
JPMORGAN CHASE AND CO. PAC,,FALSE,,FALSE,no,,corporate_pac,state,New York State,FALSE,high,The name identifies it as the employee-funded corporate PAC of the bank JPMorgan Chase & Co. which gives to incumbents of both parties,,web-research-2026-08-08,yes,673,11459,nyboe
RETIRED AMERICANS PAC,DEM,FALSE,,FALSE,yes,side:blank->DEM,ideological_pac,federal,United States,FALSE,medium,"Retired Americans PAC is the PAC of the Alliance for Retired Americans, a 501(c)(4) retiree advocacy organization founded by the AFL-CIO in 2001. It supports Democratic candidates. It is AFL-CIO-affiliated but is not itself a labor union and its PAC is not a union separate segregated fund, so it does not meet this project's labor-union definition.",https://retiredamericanspac.org/,web-research-2026-08-08,yes,459,10294,fec
CHAMPION AMERICAN VALUES,REP,FALSE,,FALSE,yes,side:blank->REP,ideological_pac,federal,United States,FALSE,high,Champion American Values PAC is Republican former Secretary of State Mike Pompeo's hybrid PAC registered with the FEC as C00770214,https://cavpac.com/about/,web-research-2026-08-08,yes,692,10230,fec
GEICO NEW YORK PAC,,FALSE,,FALSE,no,,corporate_pac,state,New York State,FALSE,high,GEICO is a private auto insurance corporation so this is its New York registered corporate PAC with no established single party lean,,web-research-2026-08-08,yes,1872,7072,nyboe
HSBC TECHNOLOGY AND SERVICES USA INC. FEDERAL STATE AND LOCAL PAC,,FALSE,,FALSE,no,,corporate_pac,multi,United States,FALSE,high,The name identifies it as the employee-funded corporate PAC of the HSBC bank subsidiary HSBC Technology and Services USA Inc covering federal state and local giving,,web-research-2026-08-08,yes,448,6741,nyboe
